UNIX Time,Date,Time,Price,Volume,Open,High,Low,Close,MACD (12|26|9)-EMAS,MACD (12|26|9)-EMAF,MACD (12|26|9)-MACD,MACD (12|26|9)-SIGNAL
1392012000,02/10/2014,00:00:00,10.37,157700,9.1,11.1,9.1,10.37,10.37000000,10.37000000,0.00000000,0.00000000
1392098400,02/11/2014,00:00:00,9.85,440400,10.34,10.7,9.41,9.85,10.29000000,10.33148148,-0.04148148,-0.00829630
1392184800,02/12/2014,00:00:00,9.42,351200,9.85,9.85,9.05,9.42,10.15615385,10.26396433,-0.10781049,-0.02819913
1392271200,02/13/2014,00:00:00,9.39,212800,9.3,9.58,9.26,9.39,10.03828402,10.19922624,-0.16094221,-0.05474775
1392357600,02/14/2014,00:00:00,9.4,121300,9.5,9.5,9.11,9.4,9.94008648,10.14002429,-0.19993781,-0.08378576
1392703200,02/18/2014,00:00:00,9.42,204900,9.48,9.5,9.15,9.42,9.86007318,10.08668916,-0.22661598,-0.11235181
1392789600,02/19/2014,00:00:00,9.53,785000,9.93,9.93,9.3,9.53,9.80929269,10.04545293,-0.23616024,-0.13711349
1392876000,02/20/2014,00:00:00,9.55,405000,9.42,9.6,9.4,9.55,9.76940151,10.00875271,-0.23935120,-0.15756103
1392962400,02/21/2014,00:00:00,9.66,205400,9.62,9.74,9.5,9.66,9.75257050,9.98291917,-0.23034867,-0.17211856
1393221600,02/24/2014,00:00:00,9.6,319900,9.72,9.99,9.46,9.6,9.72909812,9.95455479,-0.22545667,-0.18278618
1393308000,02/25/2014,00:00:00,9.97,560700,9.59,9.98,9.48,9.97,9.76615995,9.95569888,-0.18953893,-0.18413673
1393394400,02/26/2014,00:00:00,10.79,359900,10.01,10.87,10.0,10.79,9.92367380,10.01749896,-0.09382516,-0.16607442
1393480800,02/27/2014,00:00:00,11.51,596500,10.9,11.63,10.75,11.51,10.16772399,10.12805460,0.03966939,-0.12492566
1393567200,02/28/2014,00:00:00,12.39,760100,11.79,12.46,11.75,12.39,10.50961260,10.29560611,0.21400650,-0.05713923
1393826400,03/03/2014,00:00:00,12.53,328200,12.39,12.8,12.01,12.53,10.82044143,10.46111677,0.35932467,0.02615355
1393912800,03/04/2014,00:00:00,13.04,666900,12.68,13.05,12.6,13.04,11.16191198,10.65214515,0.50976683,0.12287621
1393999200,03/05/2014,00:00:00,13.1,271900,13.0,13.17,12.79,13.1,11.46007937,10.83346774,0.62661163,0.22362329
1394085600,03/06/2014,00:00:00,12.97,198700,13.13,13.13,12.85,12.97,11.69237485,10.99172938,0.70064547,0.31902773
1394172000,03/07/2014,00:00:00,12.98,235800,13.14,13.14,12.86,12.98,11.89047103,11.13900869,0.75146234,0.40551465
1394427600,03/10/2014,00:00:00,12.89,271300,12.95,13.25,12.82,12.89,12.04424472,11.26871175,0.77553297,0.47951831
1394514000,03/11/2014,00:00:00,12.39,251600,12.97,12.97,12.19,12.39,12.09743784,11.35177014,0.74566770,0.53274819
1394600400,03/12/2014,00:00:00,12.66,169100,12.27,12.83,12.15,12.66,12.18398586,11.44867605,0.73530981,0.57326051
1394686800,03/13/2014,00:00:00,11.66,267600,12.64,12.66,11.39,11.66,12.10337265,11.46432968,0.63904297,0.58641701
1394773200,03/14/2014,00:00:00,11.44,133600,11.58,11.81,11.19,11.44,12.00131532,11.46252748,0.53878784,0.57689117
1395032400,03/17/2014,00:00:00,11.58,205200,11.78,11.78,11.4,11.58,11.93649758,11.47122915,0.46526843,0.55456662
1395118800,03/18/2014,00:00:00,11.2,258200,11.64,11.75,10.91,11.2,11.82319026,11.45113810,0.37205216,0.51806373
1395205200,03/19/2014,00:00:00,10.97,174200,11.25,11.27,10.64,10.97,11.69193022,11.41549824,0.27643198,0.46973738
1395291600,03/20/2014,00:00:00,11.18,95300,11.02,11.21,10.89,11.18,11.61317172,11.39805393,0.21511780,0.41881346
1395378000,03/21/2014,00:00:00,10.75,493900,11.26,11.33,10.75,10.75,11.48037607,11.35004993,0.13032614,0.36111600
1395637200,03/24/2014,00:00:00,10.54,152700,10.81,10.99,10.25,10.54,11.33570283,11.29004623,0.04565660,0.29802412
1395723600,03/25/2014,00:00:00,10.64,124700,10.63,10.71,10.5,10.64,11.22867163,11.24189466,-0.01322303,0.23577469
1395810000,03/26/2014,00:00:00,10.54,227200,10.71,10.88,10.5,10.54,11.12272215,11.18990246,-0.06718032,0.17518369
1395896400,03/27/2014,00:00:00,10.38,200300,10.57,10.67,10.31,10.38,11.00845720,11.12990969,-0.12145249,0.11585645
1395982800,03/28/2014,00:00:00,10.41,192500,10.08,10.77,10.08,10.41,10.91638686,11.07658305,-0.16019618,0.06064592
1396242000,03/31/2014,00:00:00,10.63,198300,10.51,10.95,10.33,10.63,10.87232734,11.04350282,-0.17117548,0.01428164
1396328400,04/01/2014,00:00:00,11.12,192600,10.67,11.19,10.67,11.12,10.91043083,11.04916928,-0.13873845,-0.01632237
1396414800,04/02/2014,00:00:00,11.08,128000,11.18,11.21,10.84,11.08,10.93651839,11.05145303,-0.11493464,-0.03604483
1396501200,04/03/2014,00:00:00,11.16,157300,11.0,11.2,11.0,11.16,10.97090018,11.05949355,-0.08859337,-0.04655454
1396587600,04/04/2014,00:00:00,11.09,247600,11.27,11.49,10.96,11.09,10.98922323,11.06175329,-0.07253006,-0.05174964
1396846800,04/07/2014,00:00:00,10.77,468800,11.01,11.4,10.66,10.77,10.95549658,11.04014193,-0.08464535,-0.05832878
1396933200,04/08/2014,00:00:00,11.22,181400,10.81,11.28,10.72,11.22,10.99618941,11.05346475,-0.05727534,-0.05811809
1397019600,04/09/2014,00:00:00,11.9,248400,11.29,11.95,11.08,11.9,11.13523720,11.11617107,0.01906613,-0.04268125
1397106000,04/10/2014,00:00:00,11.4,175000,11.85,11.93,11.21,11.4,11.17596993,11.13719543,0.03877450,-0.02639010
1397192400,04/11/2014,00:00:00,10.87,133000,11.09,11.44,10.74,10.87,11.12889764,11.11740318,0.01149446,-0.01881319
1397451600,04/14/2014,00:00:00,10.41,148200,10.93,10.99,10.26,10.41,11.01829800,11.06500294,-0.04670494,-0.02439154
1397538000,04/15/2014,00:00:00,9.79,285100,10.43,10.45,9.74,9.79,10.82932908,10.97055828,-0.14122920,-0.04775907
1397624400,04/16/2014,00:00:00,9.71,172200,9.8,9.91,9.53,9.71,10.65712460,10.87718359,-0.22005899,-0.08221906
1397710800,04/17/2014,00:00:00,9.76,194100,9.69,9.98,9.58,9.76,10.51910543,10.79442925,-0.27532382,-0.12084001
1398056400,04/21/2014,00:00:00,9.97,155600,9.81,10.13,9.56,9.97,10.43462767,10.73336042,-0.29873274,-0.15641856
1398142800,04/22/2014,00:00:00,9.99,110700,10.07,10.1,9.91,9.99,10.36622342,10.67829668,-0.31207327,-0.18754950
1398229200,04/23/2014,00:00:00,9.92,100700,10.0,10.03,9.81,9.92,10.29757366,10.62212656,-0.32455290,-0.21495018
1398315600,04/24/2014,00:00:00,9.75,168500,9.98,9.98,9.58,9.75,10.21333156,10.55752459,-0.34419303,-0.24079875
1398402000,04/25/2014,00:00:00,9.58,170200,9.67,9.86,9.45,9.58,10.11589593,10.48511536,-0.36921943,-0.26648288
1398661200,04/28/2014,00:00:00,9.4,214400,9.62,9.74,9.28,9.4,10.00575810,10.40473645,-0.39897835,-0.29298198
1398747600,04/29/2014,00:00:00,9.59,136700,9.54,9.64,9.43,9.59,9.94179531,10.34438560,-0.40259029,-0.31490364
1398834000,04/30/2014,00:00:00,9.58,239000,9.55,9.72,9.43,9.58,9.88613450,10.28776444,-0.40162995,-0.33224890
1398920400,05/01/2014,00:00:00,9.76,150600,9.53,9.87,9.47,9.76,9.86672919,10.24867078,-0.38194159,-0.34218744
1399006800,05/02/2014,00:00:00,9.44,93000,9.95,9.95,9.38,9.44,9.80107854,10.18876924,-0.38769070,-0.35128809
1399266000,05/05/2014,00:00:00,9.44,130900,9.39,9.53,9.1,9.44,9.74552800,10.13330485,-0.38777685,-0.35858584
1399352400,05/06/2014,00:00:00,9.03,191900,9.33,9.4,8.8,9.03,9.63544677,10.05157857,-0.41613180,-0.37009503
1399438800,05/07/2014,00:00:00,9.79,394500,9.19,9.89,8.4,9.79,9.65922419,10.03220238,-0.37297819,-0.37067167
1399525200,05/08/2014,00:00:00,9.36,226500,9.74,9.88,9.1,9.36,9.61318970,9.98240961,-0.36921991,-0.37038131
1399611600,05/09/2014,00:00:00,9.45,159500,9.3,9.49,9.09,9.45,9.58808359,9.94297186,-0.35488827,-0.36728271
1399870800,05/12/2014,00:00:00,9.95,142300,9.46,10.08,9.35,9.95,9.64376304,9.94349246,-0.29972942,-0.35377205
1399957200,05/13/2014,00:00:00,9.72,159800,9.97,9.97,9.41,9.72,9.65549180,9.92693747,-0.27144566,-0.33730677
1400043600,05/14/2014,00:00:00,9.67,85200,9.67,9.86,9.5,9.67,9.65772383,9.90790506,-0.25018123,-0.31988166
1400130000,05/15/2014,00:00:00,9.6,95200,9.61,9.63,9.35,9.6,9.64884324,9.88509728,-0.23625404,-0.30315614
1400216400,05/16/2014,00:00:00,9.88,109400,9.57,10.0,9.55,9.88,9.68440582,9.88471970,-0.20031388,-0.28258769
1400475600,05/19/2014,00:00:00,9.77,66900,9.81,10.05,9.71,9.77,9.69757416,9.87622195,-0.17864779,-0.26179971
1400562000,05/20/2014,00:00:00,9.63,182200,9.7,9.74,9.42,9.63,9.68717813,9.85798328,-0.17080515,-0.24360080
1400648400,05/21/2014,00:00:00,9.56,57700,9.72,9.72,9.38,9.56,9.66761227,9.83591045,-0.16829818,-0.22854027
1400734800,05/22/2014,00:00:00,9.53,53200,9.62,9.62,9.37,9.53,9.64644115,9.81325042,-0.16680927,-0.21619407
1400821200,05/23/2014,00:00:00,9.8,84100,9.56,9.94,9.56,9.8,9.67006559,9.81226890,-0.14220332,-0.20139592
1401166800,05/27/2014,00:00:00,9.79,77300,9.94,10.0,9.38,9.79,9.68851703,9.81061935,-0.12210232,-0.18553720
1401253200,05/28/2014,00:00:00,9.68,46000,9.76,9.86,9.56,9.68,9.68720672,9.80094385,-0.11373713,-0.17117719
1401339600,05/29/2014,00:00:00,9.63,29500,9.69,9.71,9.59,9.63,9.67840569,9.78828134,-0.10987565,-0.15891688
1401426000,05/30/2014,00:00:00,9.74,75300,9.67,9.79,9.51,9.74,9.68788174,9.78470494,-0.09682321,-0.14649814
1401685200,06/02/2014,00:00:00,9.77,95800,9.77,9.9,9.41,9.77,9.70051531,9.78361569,-0.08310037,-0.13381859
1401771600,06/03/2014,00:00:00,9.53,76400,9.66,9.83,9.49,9.53,9.67428219,9.76482934,-0.09054715,-0.12516430
1401858000,06/04/2014,00:00:00,9.45,54400,9.45,9.5,9.39,9.45,9.63977724,9.74150865,-0.10173141,-0.12047772
1401944400,06/05/2014,00:00:00,9.62,85300,9.46,9.67,9.25,9.62,9.63673459,9.73250801,-0.09577342,-0.11553686
1402030800,06/06/2014,00:00:00,9.77,75100,9.69,9.85,9.52,9.77,9.65723696,9.73528519,-0.07804824,-0.10803914
1402290000,06/09/2014,00:00:00,9.59,70600,9.77,9.93,9.55,9.59,9.64689281,9.72452333,-0.07763052,-0.10195741
1402376400,06/10/2014,00:00:00,9.42,68700,9.54,9.63,9.26,9.42,9.61198622,9.70196604,-0.08997982,-0.09956190
1402462800,06/11/2014,00:00:00,9.17,54500,9.34,9.36,9.1,9.17,9.54398834,9.66256115,-0.11857281,-0.10336408
1402549200,06/12/2014,00:00:00,9.28,60800,9.25,9.34,9.04,9.28,9.50337475,9.63422329,-0.13084854,-0.10886097
1402635600,06/13/2014,00:00:00,9.41,52600,9.34,9.47,9.2,9.41,9.48900941,9.61761416,-0.12860475,-0.11280973
1402894800,06/16/2014,00:00:00,9.28,60700,9.35,9.4,9.1,9.28,9.45685411,9.59260570,-0.13575159,-0.11739810
1402981200,06/17/2014,00:00:00,9.15,97200,9.25,9.34,9.1,9.15,9.40964579,9.55982009,-0.15017431,-0.12395334
1403067600,06/18/2014,00:00:00,9.18,86700,9.2,9.21,9.08,9.18,9.37431567,9.53168527,-0.15736960,-0.13063659
1403154000,06/19/2014,00:00:00,9.14,63900,9.18,9.2,9.07,9.14,9.33826710,9.50267155,-0.16440445,-0.13739016
1403240400,06/20/2014,00:00:00,9.11,171000,9.07,9.19,9.03,9.11,9.30314909,9.47358477,-0.17043568,-0.14399927
1403499600,06/23/2014,00:00:00,9.07,104500,9.16,9.16,8.94,9.07,9.26728000,9.44368960,-0.17640960,-0.15048133
1403586000,06/24/2014,00:00:00,8.91,100500,9.05,9.18,8.88,8.91,9.21231384,9.40415704,-0.19184319,-0.15875371
1403672400,06/25/2014,00:00:00,9.06,88800,8.84,9.09,8.58,9.06,9.18888094,9.37866392,-0.18978298,-0.16495956
1403758800,06/26/2014,00:00:00,9.4,68000,9.12,9.53,8.91,9.4,9.22136080,9.38024437,-0.15888357,-0.16374436
1403845200,06/27/2014,00:00:00,9.69,521400,9.48,9.74,9.19,9.69,9.29345914,9.40318923,-0.10973010,-0.15294151
1404104400,06/30/2014,00:00:00,9.53,136700,9.53,9.64,9.29,9.53,9.32985004,9.41258262,-0.08273258,-0.13889972
1404190800,07/01/2014,00:00:00,9.88,360200,9.62,10.09,9.59,9.88,9.41448849,9.44720613,-0.03271764,-0.11766331
1404277200,07/02/2014,00:00:00,9.95,124400,10.04,10.2,9.84,9.95,9.49687488,9.48445012,0.01242476,-0.09164569
1404363600,07/03/2014,00:00:00,9.99,43500,10.15,10.15,9.82,9.99,9.57274028,9.52189826,0.05084202,-0.06314815
1404709200,07/07/2014,00:00:00,9.92,145300,9.93,10.12,9.75,9.92,9.62616486,9.55138728,0.07477758,-0.03556301
1404795600,07/08/2014,00:00:00,9.86,100000,9.93,10.05,9.57,9.86,9.66213949,9.57424748,0.08789201,-0.01087200
1404882000,07/09/2014,00:00:00,9.96,58900,9.95,10.16,9.73,9.96,9.70796419,9.60282174,0.10514244,0.01233089
1404968400,07/10/2014,00:00:00,9.9,64600,9.79,10.14,9.58,9.9,9.73750816,9.62483495,0.11267321,0.03239935
1405054800,07/11/2014,00:00:00,9.75,62000,9.94,10.15,9.6,9.75,9.73942998,9.63410643,0.10532355,0.04698419
1405314000,07/14/2014,00:00:00,9.77,64300,9.87,10.02,9.61,9.77,9.74413306,9.64417262,0.09996044,0.05757944
1405400400,07/15/2014,00:00:00,9.56,65100,9.71,9.91,9.3,9.56,9.71580490,9.63793761,0.07786728,0.06163701
1405486800,07/16/2014,00:00:00,9.53,74400,9.51,9.74,9.39,9.53,9.68721953,9.62994223,0.05727729,0.06076507
1405573200,07/17/2014,00:00:00,9.27,107300,9.49,9.63,9.1,9.27,9.62303191,9.60327985,0.01975206,0.05256247
1405659600,07/18/2014,00:00:00,9.38,87500,9.25,9.44,9.25,9.38,9.58564238,9.58674060,-0.00109821,0.04183033
1405918800,07/21/2014,00:00:00,9.28,85100,9.3,9.35,9.22,9.28,9.53862048,9.56401907,-0.02539859,0.02838454
1406005200,07/22/2014,00:00:00,9.13,64800,9.31,9.57,9.0,9.13,9.47575579,9.53186951,-0.05611372,0.01148489
1406091600,07/23/2014,00:00:00,9.21,105200,9.17,9.65,8.9,9.21,9.43487028,9.50802733,-0.07315704,-0.00544350
1406178000,07/24/2014,00:00:00,9.1,59600,9.23,9.49,9.05,9.1,9.38335178,9.47780308,-0.09445130,-0.02324506
1406264400,07/25/2014,00:00:00,9.09,89900,9.01,9.24,9.01,9.09,9.33822074,9.44907693,-0.11085619,-0.04076728
1406523600,07/28/2014,00:00:00,9.03,64500,9.02,9.19,8.99,9.03,9.29080216,9.41803419,-0.12723203,-0.05806023
1406610000,07/29/2014,00:00:00,9.0,95800,9.02,9.27,8.99,9.0,9.24606337,9.38706869,-0.14100533,-0.07464925
1406696400,07/30/2014,00:00:00,9.07,51500,9.1,9.27,9.01,9.07,9.21897670,9.36358212,-0.14460543,-0.08864049
1406782800,07/31/2014,00:00:00,9.09,118800,8.97,9.18,8.92,9.09,9.19913413,9.34331678,-0.14418266,-0.09974892
1406869200,08/01/2014,00:00:00,9.13,253400,9.12,9.58,9.05,9.13,9.18849811,9.32751554,-0.13901743,-0.10760262
1407128400,08/04/2014,00:00:00,9.45,93300,9.2,9.52,8.95,9.45,9.22872917,9.33658846,-0.10785929,-0.10765396
1407214800,08/05/2014,00:00:00,9.4,54900,9.42,9.78,9.3,9.4,9.25507853,9.34128561,-0.08620709,-0.10336458
1407301200,08/06/2014,00:00:00,9.35,33300,9.39,9.91,9.2,9.35,9.26968183,9.34193112,-0.07224929,-0.09714153
1407387600,08/07/2014,00:00:00,9.37,83600,9.33,9.93,9.17,9.37,9.28511539,9.34401030,-0.05889490,-0.08949220
1407474000,08/08/2014,00:00:00,9.57,65600,9.21,9.6,9.21,9.57,9.32894380,9.36075028,-0.03180648,-0.07795506
1407733200,08/11/2014,00:00:00,9.58,160400,9.58,9.77,9.37,9.58,9.36756783,9.37699100,-0.00942317,-0.06424868
1407819600,08/12/2014,00:00:00,9.26,127500,9.6,9.8,9.23,9.26,9.35101893,9.36832500,-0.01730607,-0.05486016
1407906000,08/13/2014,00:00:00,9.28,142900,9.21,9.44,9.21,9.28,9.34009294,9.36178240,-0.02168946,-0.04822602
1407992400,08/14/2014,00:00:00,9.21,187600,9.3,9.41,9.19,9.21,9.32007864,9.35053926,-0.03046062,-0.04467294
1408078800,08/15/2014,00:00:00,8.97,150900,9.28,9.28,8.89,8.97,9.26622039,9.32235117,-0.05613078,-0.04696451
1408338000,08/18/2014,00:00:00,8.97,116700,8.92,9.06,8.91,8.97,9.22064802,9.29625108,-0.07560306,-0.05269222
1408424400,08/19/2014,00:00:00,8.82,100900,8.95,9.0,8.78,8.82,9.15900986,9.26097323,-0.10196336,-0.06254645
1408510800,08/20/2014,00:00:00,8.56,196500,8.78,8.92,8.55,8.56,9.06685450,9.20904928,-0.14219478,-0.07847611
1408597200,08/21/2014,00:00:00,8.67,99900,8.62,8.88,8.62,8.67,9.00579996,9.16911971,-0.16331974,-0.09544484
1408683600,08/22/2014,00:00:00,8.55,231600,8.71,8.78,8.35,8.55,8.93567689,9.12325899,-0.18758210,-0.11387229
1408942800,08/25/2014,00:00:00,8.52,68200,8.68,8.75,8.47,8.52,8.87172660,9.07857314,-0.20684654,-0.13246714
1409029200,08/26/2014,00:00:00,8.61,137800,8.51,8.75,8.47,8.61,8.83146097,9.04386402,-0.21240305,-0.14845432
1409115600,08/27/2014,00:00:00,8.79,168400,8.61,8.89,8.56,8.79,8.82508236,9.02505927,-0.19997691,-0.15875884
1409202000,08/28/2014,00:00:00,8.72,145500,8.78,8.79,8.68,8.72,8.80891584,9.00246229,-0.19354645,-0.16571636
1409288400,08/29/2014,00:00:00,8.8,70800,8.71,8.91,8.71,8.8,8.80754417,8.98746508,-0.17992091,-0.16855727
1409634000,09/02/2014,00:00:00,8.51,146800,8.8,9.0,8.46,8.51,8.76176815,8.95209730,-0.19032915,-0.17291165
1409720400,09/03/2014,00:00:00,8.48,118900,8.57,8.6,8.47,8.48,8.71841920,8.91712713,-0.19870793,-0.17807090
1409806800,09/04/2014,00:00:00,8.35,176300,8.51,8.56,8.35,8.35,8.66173932,8.87511771,-0.21337839,-0.18513240
1409893200,09/05/2014,00:00:00,8.38,145600,8.31,8.42,8.31,8.38,8.61839481,8.83844233,-0.22004751,-0.19211542
1410152400,09/08/2014,00:00:00,8.37,145200,8.33,8.54,8.32,8.37,8.58018023,8.80374289,-0.22356267,-0.19840487
1410238800,09/09/2014,00:00:00,8.22,155200,8.35,8.39,8.2,8.22,8.52476788,8.76050268,-0.23573480,-0.20587086
1410325200,09/10/2014,00:00:00,8.32,113800,8.25,8.35,8.15,8.32,8.49326513,8.72787285,-0.23460772,-0.21161823
1410411600,09/11/2014,00:00:00,8.35,93100,8.3,8.4,8.22,8.35,8.47122434,8.69988227,-0.22865793,-0.21502617
1410498000,09/12/2014,00:00:00,8.25,145800,8.36,8.44,8.21,8.25,8.43718983,8.66655766,-0.22936783,-0.21789450
1410757200,09/15/2014,00:00:00,8.22,112200,8.38,8.4,8.14,8.22,8.40377601,8.63347931,-0.22970330,-0.22025626
1410843600,09/16/2014,00:00:00,8.33,128400,8.25,8.37,8.19,8.33,8.39242585,8.61099936,-0.21857351,-0.21991971
1410930000,09/17/2014,00:00:00,8.32,83400,8.31,8.42,8.25,8.32,8.38128341,8.58944386,-0.20816044,-0.21756786
1411016400,09/18/2014,00:00:00,8.31,179700,8.33,8.35,8.25,8.31,8.37031674,8.56874431,-0.19842757,-0.21373980
1411102800,09/19/2014,00:00:00,8.3,392500,8.35,8.38,8.24,8.3,8.35949878,8.54883732,-0.18933855,-0.20885955
1411362000,09/22/2014,00:00:00,8.24,118000,8.23,8.35,8.15,8.24,8.34111435,8.52596049,-0.18484614,-0.20405687
1411448400,09/23/2014,00:00:00,8.08,132100,8.2,8.33,8.07,8.08,8.30094291,8.49292638,-0.19198346,-0.20164219
1411534800,09/24/2014,00:00:00,8.18,93900,8.05,8.38,8.05,8.18,8.28233631,8.46974664,-0.18741033,-0.19879582
1411621200,09/25/2014,00:00:00,7.89,85900,8.19,8.22,7.89,7.89,8.22197688,8.42680245,-0.20482557,-0.20000177
1411707600,09/26/2014,00:00:00,7.9,80400,7.9,8.0,7.85,7.9,8.17244197,8.38778004,-0.21533807,-0.20306903
1411966800,09/29/2014,00:00:00,8.0,103100,7.86,8.05,7.86,8.0,8.14591244,8.35905560,-0.21314316,-0.20508385
1412053200,09/30/2014,00:00:00,7.74,203600,7.98,8.05,7.7,7.74,8.08346437,8.31319963,-0.22973526,-0.21001413
1412139600,10/01/2014,00:00:00,7.53,147900,7.76,7.8,7.39,7.53,7.99831601,8.25518484,-0.25686883,-0.21938507
1412226000,10/02/2014,00:00:00,7.52,68700,7.54,7.73,7.39,7.52,7.92472893,8.20072670,-0.27599777,-0.23070761
1412312400,10/03/2014,00:00:00,7.44,91100,7.55,7.69,7.44,7.44,7.85015525,8.14437658,-0.29422133,-0.24341036
1412571600,10/06/2014,00:00:00,7.2,93900,7.45,7.5,7.17,7.2,7.75013136,8.07442276,-0.32429139,-0.25958656
1412658000,10/07/2014,00:00:00,7.23,249500,7.41,7.6,7.21,7.23,7.67011115,8.01187292,-0.34176177,-0.27602161
1412744400,10/08/2014,00:00:00,7.2,194900,7.29,7.4,6.9,7.2,7.59778636,7.95173419,-0.35394783,-0.29160685
1412830800,10/09/2014,00:00:00,7.14,173800,7.2,7.29,7.07,7.14,7.52735769,7.89160573,-0.36424804,-0.30613509
1412917200,10/10/2014,00:00:00,5.35,1161500,6.11,6.2,5.3,5.35,7.19237958,7.70333864,-0.51095905,-0.34709988
1413176400,10/13/2014,00:00:00,4.95,654400,5.4,5.44,4.94,4.95,6.84739811,7.49938763,-0.65198952,-0.40807781
1413262800,10/14/2014,00:00:00,4.98,368800,4.91,5.12,4.9,4.98,6.56010609,7.31276632,-0.75266023,-0.47699429
1413349200,10/15/2014,00:00:00,5.02,447200,4.88,5.15,4.85,5.02,6.32316669,7.14293178,-0.81976509,-0.54554845
1413435600,10/16/2014,00:00:00,5.45,427000,5.06,5.64,5.0,5.45,6.18883336,7.01752943,-0.82869607,-0.60217798
1413522000,10/17/2014,00:00:00,5.29,199500,5.53,5.53,5.21,5.29,6.05055130,6.88956428,-0.83901298,-0.64954498
1413781200,10/20/2014,00:00:00,5.12,204900,5.3,5.34,5.07,5.12,5.90738956,6.75848545,-0.85109588,-0.68985516
1413867600,10/21/2014,00:00:00,5.3,197600,5.13,5.38,5.13,5.3,5.81394501,6.65044949,-0.83650447,-0.71918502
1413954000,10/22/2014,00:00:00,5.23,456000,5.34,5.38,5.18,5.23,5.72410732,6.54523101,-0.82112369,-0.73957275
1414040400,10/23/2014,00:00:00,5.41,262000,5.3,5.43,5.24,5.41,5.67578312,6.46113982,-0.78535671,-0.74872954
1414126800,10/24/2014,00:00:00,5.47,227100,5.36,5.55,5.36,5.47,5.64412418,6.38772206,-0.74359788,-0.74770321
1414386000,10/27/2014,00:00:00,5.55,196300,5.45,5.56,5.36,5.55,5.62964353,6.32566857,-0.69602504,-0.73736758
1414472400,10/28/2014,00:00:00,5.75,157100,5.56,5.76,5.55,5.75,5.64815991,6.28302646,-0.63486654,-0.71686737
1414558800,10/29/2014,00:00:00,5.59,142100,5.78,5.81,5.49,5.59,5.63921223,6.23169116,-0.59247893,-0.69198968
1414645200,10/30/2014,00:00:00,5.66,106000,5.55,5.72,5.55,5.66,5.64241035,6.18934367,-0.54693332,-0.66297841
1414731600,10/31/2014,00:00:00,5.73,181300,5.81,5.85,5.59,5.73,5.65588568,6.15531821,-0.49943253,-0.63026923
1414994400,11/03/2014,00:00:00,5.78,179300,5.74,5.99,5.7,5.78,5.67498019,6.12751686,-0.45253667,-0.59472272
1415080800,11/04/2014,00:00:00,5.57,175800,5.6,5.79,5.5,5.57,5.65882939,6.08621932,-0.42738992,-0.56125616
1415167200,11/05/2014,00:00:00,5.56,113100,5.65,5.65,5.51,5.56,5.64362487,6.04724011,-0.40361524,-0.52972798
1415253600,11/06/2014,00:00:00,5.59,89800,5.58,5.62,5.53,5.59,5.63537489,6.01337047,-0.37799558,-0.49938150
1415340000,11/07/2014,00:00:00,5.57,154500,5.57,5.59,5.5,5.57,5.62531722,5.98052821,-0.35521100,-0.47054740
1415599200,11/10/2014,00:00:00,5.54,99600,5.59,5.61,5.51,5.54,5.61219149,5.94789649,-0.33570500,-0.44357892
1415685600,11/11/2014,00:00:00,5.55,163200,5.51,5.58,5.49,5.55,5.60262357,5.91842268,-0.31579911,-0.41802296
1415772000,11/12/2014,00:00:00,5.63,167500,5.58,5.68,5.57,5.63,5.60683533,5.89705804,-0.29022271,-0.39246291
1415858400,11/13/2014,00:00:00,5.52,163600,5.7,5.7,5.46,5.52,5.59347605,5.86912781,-0.27565177,-0.36910068
1415944800,11/14/2014,00:00:00,6.08,466900,5.6,6.2,5.6,6.08,5.66832589,5.88474797,-0.21642209,-0.33856496
1416204000,11/17/2014,00:00:00,6.14,342600,6.14,6.29,6.0,6.14,5.74089113,5.90365553,-0.16276440,-0.30340485
1416290400,11/18/2014,00:00:00,6.19,257100,6.14,6.24,6.0,6.19,5.80998481,5.92486623,-0.11488143,-0.26570016
1416376800,11/19/2014,00:00:00,6.01,107800,6.16,6.16,6.0,6.01,5.84075637,5.93117244,-0.09041606,-0.23064334
1416463200,11/20/2014,00:00:00,6.05,163000,5.97,6.09,5.95,6.05,5.87294770,5.93997448,-0.06702678,-0.19792003
1416549600,11/21/2014,00:00:00,6.05,141100,6.15,6.16,6.02,6.05,5.90018652,5.94812452,-0.04793800,-0.16792363
1416808800,11/24/2014,00:00:00,6.18,171300,6.05,6.25,5.98,6.18,5.94323474,5.96530048,-0.02206574,-0.13875205
1416895200,11/25/2014,00:00:00,6.03,271800,6.17,6.19,6.01,6.03,5.95658325,5.97009304,-0.01350979,-0.11370360
1416981600,11/26/2014,00:00:00,5.99,123100,6.01,6.1,5.95,5.99,5.96172428,5.97156763,-0.00984334,-0.09293155
1417154400,11/28/2014,00:00:00,5.73,77800,5.9,6.0,5.71,5.73,5.92607439,5.95367373,-0.02759933,-0.07986510
1417413600,12/01/2014,00:00:00,5.7,222600,5.75,5.89,5.67,5.7,5.89129372,5.93488308,-0.04358936,-0.07260996
1417500000,12/02/2014,00:00:00,5.97,191400,5.69,6.07,5.69,5.97,5.90340238,5.93748434,-0.03408196,-0.06490436
1417586400,12/03/2014,00:00:00,5.89,131900,6.0,6.07,5.86,5.89,5.90134047,5.93396698,-0.03262650,-0.05844879
1417672800,12/04/2014,00:00:00,5.95,146000,5.92,6.09,5.87,5.95,5.90882655,5.93515461,-0.02632805,-0.05202464
1417759200,12/05/2014,00:00:00,6.06,260400,6.0,6.22,6.0,6.06,5.93208401,5.94440242,-0.01231841,-0.04408339
1418018400,12/08/2014,00:00:00,6.06,323800,6.02,6.18,5.96,6.06,5.95176339,5.95296520,-0.00120181,-0.03550708
1418104800,12/09/2014,00:00:00,6.12,377300,5.99,6.29,5.86,6.12,5.97764595,5.96533815,0.01230780,-0.02594410
1418191200,12/10/2014,00:00:00,6.16,237200,6.08,6.34,6.08,6.16,6.00570042,5.97975754,0.02594287,-0.01556671
1418277600,12/11/2014,00:00:00,6.44,589800,6.22,6.46,6.15,6.44,6.07251574,6.01384958,0.05866616,-0.00072013
1418364000,12/12/2014,00:00:00,6.29,159000,6.33,6.45,6.24,6.29,6.10597485,6.03430516,0.07166969,0.01375783
1418623200,12/15/2014,00:00:00,6.08,160600,6.34,6.37,6.08,6.08,6.10197872,6.03768997,0.06428876,0.02386402
1418709600,12/16/2014,00:00:00,6.2,154700,6.09,6.5,6.08,6.2,6.11705892,6.04971293,0.06734599,0.03256041
1418796000,12/17/2014,00:00:00,6.47,159200,6.18,6.48,6.11,6.47,6.17135755,6.08084531,0.09051224,0.04415078
1418882400,12/18/2014,00:00:00,6.45,108700,6.52,6.57,6.42,6.45,6.21422562,6.10819010,0.10603552,0.05652772
1418968800,12/19/2014,00:00:00,6.38,322900,6.44,6.51,6.3,6.38,6.23972937,6.12832417,0.11140520,0.06750322
1419228000,12/22/2014,00:00:00,6.28,207000,6.37,6.54,6.1,6.28,6.24592485,6.13955941,0.10636544,0.07527566
1419314400,12/23/2014,00:00:00,6.19,109500,6.33,6.33,6.1,6.19,6.23732103,6.14329575,0.09402527,0.07902559
1419400800,12/24/2014,00:00:00,6.12,93300,6.15,6.29,6.08,6.12,6.21927164,6.14157014,0.07770150,0.07876077
1419573600,12/26/2014,00:00:00,6.05,145600,6.17,6.39,6.03,6.05,6.19322985,6.13478717,0.05844268,0.07469715
1419832800,12/29/2014,00:00:00,6.6,235700,6.09,6.64,6.07,6.6,6.25580987,6.16924738,0.08656249,0.07707022
1419919200,12/30/2014,00:00:00,6.45,331000,6.59,6.72,6.41,6.45,6.28568528,6.19004387,0.09564141,0.08078446
1420005600,12/31/2014,00:00:00,6.26,340500,6.44,6.46,6.0,6.26,6.28173369,6.19522580,0.08650789,0.08192914
1420178400,01/02/2015,00:00:00,6.62,136100,6.33,6.69,6.28,6.62,6.33377466,6.22669056,0.10708411,0.08696014
1420437600,01/05/2015,00:00:00,6.4,105500,6.49,6.59,6.38,6.4,6.34396318,6.23952830,0.10443488,0.09045508
1420524000,01/06/2015,00:00:00,6.25,181800,6.41,6.47,6.11,6.25,6.32950730,6.24030398,0.08920333,0.09020473
1420610400,01/07/2015,00:00:00,6.44,110400,6.3,6.51,6.28,6.44,6.34650618,6.25509628,0.09140990,0.09044577
1420696800,01/08/2015,00:00:00,6.44,105500,6.51,6.57,6.28,6.44,6.36088985,6.26879285,0.09209700,0.09077601
1420783200,01/09/2015,00:00:00,6.23,87200,6.19,6.47,6.19,6.23,6.34075295,6.26591930,0.07483364,0.08758754
1421042400,01/12/2015,00:00:00,6.29,79400,6.24,6.46,6.19,6.29,6.33294480,6.26770306,0.06524174,0.08311838
1421128800,01/13/2015,00:00:00,6.32,87200,6.38,6.49,6.2,6.32,6.33095329,6.27157691,0.05937639,0.07836998
1421215200,01/14/2015,00:00:00,6.32,187700,6.2,6.36,6.05,6.32,6.32926817,6.27516380,0.05410437,0.07351686
1421301600,01/15/2015,00:00:00,6.0,161700,6.37,6.37,5.87,6.0,6.27861153,6.25478130,0.02383023,0.06357953
1421388000,01/16/2015,00:00:00,6.03,160800,6.0,6.14,5.9,6.03,6.24036360,6.23813083,0.00223277,0.05131018
1421733600,01/20/2015,00:00:00,6.05,105400,6.04,6.08,5.94,6.05,6.21107689,6.22419521,-0.01311832,0.03842448
1421820000,01/21/2015,00:00:00,6.02,62300,6.01,6.14,5.99,6.02,6.18168045,6.20906964,-0.02738919,0.02526175
1421906400,01/22/2015,00:00:00,6.09,47700,6.09,6.09,5.89,6.09,6.16757576,6.20024967,-0.03267391,0.01367461
1421992800,01/23/2015,00:00:00,6.05,56100,6.11,6.12,5.94,6.05,6.14948718,6.18912006,-0.03963288,0.00301312
1422252000,01/26/2015,00:00:00,6.14,56400,6.09,6.16,6.02,6.14,6.14802762,6.18548154,-0.03745392,-0.00508029
1422338400,01/27/2015,00:00:00,6.19,61300,6.19,6.29,6.05,6.19,6.15448491,6.18581624,-0.03133133,-0.01033050
1422424800,01/28/2015,00:00:00,5.92,148100,6.25,6.25,5.83,5.92,6.11841031,6.16612615,-0.04771584,-0.01780757
1422511200,01/29/2015,00:00:00,6.03,104800,5.95,6.04,5.91,6.03,6.10480872,6.15604273,-0.05123401,-0.02449286
1422597600,01/30/2015,00:00:00,5.96,217600,6.2,6.28,5.86,5.96,6.08253046,6.14152105,-0.05899059,-0.03139240
1422856800,02/02/2015,00:00:00,6.13,102700,6.0,6.23,6.0,6.13,6.08983346,6.14066764,-0.05083417,-0.03528076
1422943200,02/03/2015,00:00:00,6.1,125700,6.18,6.27,6.06,6.1,6.09139755,6.13765522,-0.04625767,-0.03747614
1423029600,02/04/2015,00:00:00,6.09,95500,6.08,6.25,6.08,6.09,6.09118254,6.13412520,-0.04294266,-0.03856945
1423116000,02/05/2015,00:00:00,6.16,140200,6.07,6.31,6.07,6.16,6.10176984,6.13604185,-0.03427201,-0.03770996
1423202400,02/06/2015,00:00:00,6.75,160800,6.19,6.85,6.15,6.75,6.20149756,6.18152024,0.01997732,-0.02617250
1423461600,02/09/2015,00:00:00,6.56,119000,6.75,6.78,6.55,6.56,6.25665178,6.20955577,0.04709601,-0.01151880
1423548000,02/10/2015,00:00:00,6.37,84900,6.63,6.64,6.35,6.37,6.27408997,6.22144053,0.05264944,0.00131485
1423634400,02/11/2015,00:00:00,6.31,58900,6.37,6.38,6.26,6.31,6.27961459,6.22800049,0.05161410,0.01137470
1423720800,02/12/2015,00:00:00,6.43,71000,6.38,6.5,6.32,6.43,6.30275080,6.24296342,0.05978739,0.02105723
1423807200,02/13/2015,00:00:00,6.53,95600,6.46,6.59,6.45,6.53,6.33771222,6.26422539,0.07348683,0.03154315
1424152800,02/17/2015,00:00:00,6.73,103100,6.55,6.77,6.55,6.73,6.39806419,6.29872721,0.09933698,0.04510192
1424239200,02/18/2015,00:00:00,6.67,192700,6.5,6.83,6.5,6.67,6.43990046,6.32622890,0.11367157,0.05881585
1424325600,02/19/2015,00:00:00,6.8,152800,6.63,6.86,6.6,6.8,6.49530039,6.36132305,0.13397734,0.07384815
1424412000,02/20/2015,00:00:00,7.87,973700,7.64,7.95,7.25,7.87,6.70679264,6.47307690,0.23371574,0.10582166
1424671200,02/23/2015,00:00:00,7.74,213300,8.0,8.12,7.63,7.74,6.86574762,6.56692306,0.29882456,0.14442224
1424757600,02/24/2015,00:00:00,7.79,85600,7.69,7.83,7.62,7.79,7.00794029,6.65752135,0.35041894,0.18562158
1424844000,02/25/2015,00:00:00,7.99,111100,7.76,8.02,7.67,7.99,7.15902640,6.75622347,0.40280293,0.22905785
1424930400,02/26/2015,00:00:00,7.89,78400,7.87,7.95,7.78,7.89,7.27148388,6.84020692,0.43127696,0.26950167
1425016800,02/27/2015,00:00:00,7.9,146100,7.85,8.02,7.8,7.9,7.36817867,6.91871011,0.44946856,0.30549505
1425276000,03/02/2015,00:00:00,8.06,113800,7.94,8.15,7.89,8.06,7.47461272,7.00325010,0.47136262,0.33866856
1425362400,03/03/2015,00:00:00,8.38,196100,8.13,8.45,8.05,8.38,7.61390307,7.10523158,0.50867149,0.37266915
1425448800,03/04/2015,00:00:00,8.3,121500,8.34,8.47,8.28,8.3,7.71945644,7.19373294,0.52572350,0.40328002
1425535200,03/05/2015,00:00:00,8.22,54500,8.31,8.44,8.17,8.22,7.79646314,7.26975272,0.52671042,0.42796610
1425621600,03/06/2015,00:00:00,7.75,165500,8.13,8.32,7.67,7.75,7.78931497,7.30532659,0.48398837,0.43917056
1425877200,03/09/2015,00:00:00,7.97,128900,7.79,8.09,7.79,7.97,7.81711267,7.35456166,0.46255100,0.44384664
1425963600,03/10/2015,00:00:00,7.74,57600,7.79,7.9,7.74,7.74,7.80524918,7.38311265,0.42213653,0.43950462
1426050000,03/11/2015,00:00:00,7.97,100000,7.75,8.05,7.75,7.97,7.83059546,7.42658579,0.40400967,0.43240563
1426136400,03/12/2015,00:00:00,8.09,86200,7.99,8.22,7.98,8.09,7.87050385,7.47572758,0.39477627,0.42487976
1426222800,03/13/2015,00:00:00,7.86,90500,8.09,8.09,7.78,7.86,7.86888787,7.50419220,0.36469567,0.41284294
1426482000,03/16/2015,00:00:00,7.95,145600,7.88,8.24,7.82,7.95,7.88136666,7.53721500,0.34415166,0.39910468
1426568400,03/17/2015,00:00:00,8.02,64800,7.93,8.1,7.81,8.02,7.90269487,7.57297686,0.32971801,0.38522735
1426654800,03/18/2015,00:00:00,8.0,69600,7.97,8.05,7.78,8.0,7.91766489,7.60460820,0.31305669,0.37079322
1426741200,03/19/2015,00:00:00,7.98,28500,7.95,8.0,7.92,7.98,7.92725491,7.63241500,0.29483991,0.35560256
1426827600,03/20/2015,00:00:00,7.83,147300,8.0,8.05,7.82,7.83,7.91229261,7.64705093,0.26524169,0.33753038
1427086800,03/23/2015,00:00:00,7.86,48800,7.81,7.99,7.81,7.86,7.90424759,7.66282493,0.24142266,0.31830884
1427173200,03/24/2015,00:00:00,7.89,33100,7.89,7.99,7.7,7.89,7.90205566,7.67965271,0.22240294,0.29912766
1427259600,03/25/2015,00:00:00,7.62,74600,7.92,7.97,7.56,7.62,7.85866248,7.67523399,0.18342848,0.27598782
1427346000,03/26/2015,00:00:00,7.5,95100,7.61,7.74,7.37,7.5,7.80348364,7.66225370,0.14122994,0.24903625
1427432400,03/27/2015,00:00:00,7.53,48100,7.54,7.56,7.33,7.53,7.76140923,7.65245713,0.10895210,0.22101942
1427691600,03/30/2015,00:00:00,7.4,62200,7.56,7.59,7.25,7.4,7.70580781,7.63375660,0.07205121,0.19122578
1427778000,03/31/2015,00:00:00,7.26,85700,7.35,7.4,7.11,7.26,7.63722199,7.60607093,0.03115107,0.15921083
1427864400,04/01/2015,00:00:00,7.2,54500,7.2,7.4,7.15,7.2,7.56995707,7.57599160,-0.00603453,0.12616176
1427950800,04/02/2015,00:00:00,7.2,32600,7.21,7.31,7.15,7.2,7.51304060,7.54814037,-0.03509977,0.09390946
1428296400,04/06/2015,00:00:00,7.16,73500,7.17,7.3,7.03,7.16,7.45872666,7.51938923,-0.06066257,0.06299505
1428382800,04/07/2015,00:00:00,7.41,47300,7.13,7.44,7.13,7.41,7.45123025,7.51128632,-0.06005607,0.03838483
1428469200,04/08/2015,00:00:00,7.52,71200,7.4,7.6,7.38,7.52,7.46181021,7.51193178,-0.05012157,0.02068355
1428555600,04/09/2015,00:00:00,7.47,52800,7.7,7.83,7.43,7.47,7.46307018,7.50882572,-0.04575554,0.00739573
1428642000,04/10/2015,00:00:00,7.5,43200,7.54,7.71,7.42,7.5,7.46875169,7.50817197,-0.03942028,-0.00196747
1428901200,04/13/2015,00:00:00,7.36,28600,7.47,7.59,7.31,7.36,7.45202066,7.49719627,-0.04517560,-0.01060910
1428987600,04/14/2015,00:00:00,7.4,42700,7.39,7.45,7.34,7.4,7.44401748,7.48999654,-0.04597906,-0.01768309
1429074000,04/15/2015,00:00:00,7.39,50300,7.46,7.53,7.39,7.39,7.43570710,7.48258939,-0.04688229,-0.02352293
1429160400,04/16/2015,00:00:00,7.62,94800,7.4,7.72,7.4,7.62,7.46405985,7.49276795,-0.02870810,-0.02455996
1429246800,04/17/2015,00:00:00,7.25,56400,7.48,7.56,7.24,7.25,7.43112757,7.47478514,-0.04365757,-0.02837949
1429506000,04/20/2015,00:00:00,7.44,64100,7.27,7.46,7.24,7.44,7.43249256,7.47220847,-0.03971591,-0.03064677
1429592400,04/21/2015,00:00:00,7.38,26800,7.45,7.51,7.34,7.38,7.42441678,7.46537821,-0.04096143,-0.03270970
1429678800,04/22/2015,00:00:00,7.4,35300,7.41,7.44,7.24,7.4,7.42066035,7.46053538,-0.03987503,-0.03414277
1429765200,04/23/2015,00:00:00,7.67,140400,7.35,7.67,7.35,7.67,7.45902030,7.47605128,-0.01703098,-0.03072041
1429851600,04/24/2015,00:00:00,7.64,44600,7.67,7.74,7.62,7.64,7.48686333,7.48819563,-0.00133230,-0.02484279
1430110800,04/27/2015,00:00:00,7.26,65800,7.6,7.8,7.23,7.26,7.45196128,7.47129225,-0.01933097,-0.02374042
1430197200,04/28/2015,00:00:00,7.4,54800,7.29,7.42,7.1,7.4,7.44396724,7.46601134,-0.02204410,-0.02340116
1430283600,04/29/2015,00:00:00,7.37,34500,7.45,7.45,7.32,7.37,7.43258766,7.45889939,-0.02631173,-0.02398327
1430370000,04/30/2015,00:00:00,6.96,90700,7.36,7.36,6.88,6.96,7.35988187,7.42194388,-0.06206201,-0.03159902
1430456400,05/01/2015,00:00:00,6.62,743200,6.86,7.26,6.21,6.62,7.24605389,7.36254063,-0.11648674,-0.04857656
1430715600,05/04/2015,00:00:00,6.6,80000,6.33,6.83,6.33,6.6,7.14666098,7.30605614,-0.15939516,-0.07074028
1430802000,05/05/2015,00:00:00,6.58,88200,6.56,6.63,6.49,6.58,7.05948237,7.25227420,-0.19279183,-0.09515059
1430888400,05/06/2015,00:00:00,6.66,67100,6.62,6.67,6.48,6.66,6.99802354,7.20840204,-0.21037849,-0.11819617
1430974800,05/07/2015,00:00:00,6.75,60300,6.59,6.87,6.56,6.75,6.95986607,7.17444633,-0.21458026,-0.13747299
1431061200,05/08/2015,00:00:00,7.0,220200,6.69,7.09,6.56,7.0,6.96604052,7.16152438,-0.19548386,-0.14907516
1431320400,05/11/2015,00:00:00,6.84,31300,7.0,7.06,6.79,6.84,6.94664967,7.13770776,-0.19105809,-0.15747175
1431406800,05/12/2015,00:00:00,7.0,114500,6.72,7.02,6.72,7.0,6.95485742,7.12750719,-0.17264977,-0.16050735
1431493200,05/13/2015,00:00:00,6.99,65200,7.04,7.04,6.88,6.99,6.96026397,7.11732147,-0.15705750,-0.15981738
1431579600,05/14/2015,00:00:00,7.08,62400,7.09,7.16,6.9,7.08,6.97868490,7.11455691,-0.13587202,-0.15502831
1431666000,05/15/2015,00:00:00,6.98,128600,7.02,7.13,6.64,6.98,6.97888722,7.10458974,-0.12570252,-0.14916315
1431925200,05/18/2015,00:00:00,6.81,81700,6.99,7.11,6.8,6.81,6.95290457,7.08276827,-0.12986370,-0.14530326
1432011600,05/19/2015,00:00:00,7.01,58200,6.77,7.03,6.73,7.01,6.96168848,7.07737803,-0.11568955,-0.13938052
1432098000,05/20/2015,00:00:00,6.95,84200,7.06,7.18,6.84,6.95,6.95989025,7.06794262,-0.10805237,-0.13311489
1432184400,05/21/2015,00:00:00,6.99,56900,6.92,7.13,6.9,6.99,6.96452252,7.06216909,-0.09764657,-0.12602122
1432270800,05/22/2015,00:00:00,7.04,176900,7.01,7.09,6.89,7.04,6.97613444,7.06052694,-0.08439250,-0.11769548
1432616400,05/26/2015,00:00:00,6.92,86100,6.98,7.04,6.76,6.92,6.96749837,7.05011754,-0.08261916,-0.11068022
1432702800,05/27/2015,00:00:00,7.05,156900,6.95,7.09,6.92,7.05,6.98019093,7.05010883,-0.06991790,-0.10252775
1432789200,05/28/2015,00:00:00,7.01,87800,6.99,7.15,6.95,7.01,6.98477694,7.04713781,-0.06236086,-0.09449437
1432875600,05/29/2015,00:00:00,6.99,79700,6.97,7.1,6.92,6.99,6.98558049,7.04290538,-0.05732489,-0.08706048
1433134800,06/01/2015,00:00:00,7.0,98700,6.84,7.08,6.84,7.0,6.98779888,7.03972720,-0.05192832,-0.08003405
1433221200,06/02/2015,00:00:00,7.07,53300,6.77,7.1,6.77,7.07,7.00044520,7.04196963,-0.04152443,-0.07233212
1433307600,06/03/2015,00:00:00,7.26,80700,6.99,7.29,6.95,7.26,7.04037671,7.05812003,-0.01774332,-0.06141436
1433394000,06/04/2015,00:00:00,7.19,60000,7.2,7.25,7.1,7.19,7.06339568,7.06788891,-0.00449324,-0.05003014
1433480400,06/05/2015,00:00:00,7.06,111800,7.14,7.26,6.96,7.06,7.06287327,7.06730455,-0.00443128,-0.04091037
1433739600,06/08/2015,00:00:00,7.0,66900,7.11,7.11,6.84,7.0,7.05320046,7.06231903,-0.00911857,-0.03455201
1433826000,06/09/2015,00:00:00,7.0,100100,7.0,7.08,6.74,7.0,7.04501577,7.05770280,-0.01268703,-0.03017901
1433912400,06/10/2015,00:00:00,6.93,93900,7.01,7.15,6.84,6.93,7.02732104,7.04824334,-0.02092230,-0.02832767
1433998800,06/11/2015,00:00:00,6.99,495000,6.91,7.06,6.83,6.99,7.02157934,7.04392902,-0.02234968,-0.02713207
1434085200,06/12/2015,00:00:00,7.15,116600,6.94,7.37,6.89,7.15,7.04133636,7.05178613,-0.01044976,-0.02379561
1434344400,06/15/2015,00:00:00,7.0,285300,7.08,7.08,6.78,7.0,7.03497692,7.04795012,-0.01297319,-0.02163113
1434430800,06/16/2015,00:00:00,7.0,79000,6.96,7.13,6.89,7.0,7.02959586,7.04439826,-0.01480240,-0.02026538
1434517200,06/17/2015,00:00:00,7.1,149300,6.99,7.35,6.99,7.1,7.04042726,7.04851690,-0.00808964,-0.01783023
1434603600,06/18/2015,00:00:00,7.5,111700,7.15,7.54,7.15,7.5,7.11113076,7.08196010,0.02917067,-0.00843005
1434690000,06/19/2015,00:00:00,7.65,237900,7.42,7.73,7.15,7.65,7.19403372,7.12403713,0.06999660,0.00725528
1434949200,06/22/2015,00:00:00,7.69,94600,7.61,7.78,7.44,7.69,7.27033623,7.16596030,0.10437592,0.02667941
1435035600,06/23/2015,00:00:00,7.57,85600,7.73,7.77,7.48,7.57,7.31643835,7.19588917,0.12054918,0.04545336
1435122000,06/24/2015,00:00:00,7.46,60600,7.52,7.62,7.39,7.46,7.33852475,7.21545293,0.12307182,0.06097705
1435208400,06/25/2015,00:00:00,7.45,84500,7.5,7.62,7.33,7.45,7.35567479,7.23282679,0.12284800,0.07335124
1435294800,06/26/2015,00:00:00,7.4,283500,7.53,7.62,7.28,7.4,7.36249405,7.24520999,0.11728406,0.08213781
1435554000,06/29/2015,00:00:00,7.1,217600,7.37,7.56,7.08,7.1,7.32211035,7.23445370,0.08765666,0.08324158
1435640400,06/30/2015,00:00:00,7.1,105400,7.19,7.19,6.97,7.1,7.28793953,7.22449416,0.06344537,0.07928234
1435726800,07/01/2015,00:00:00,7.23,52400,7.2,7.25,7.1,7.23,7.27902576,7.22490200,0.05412375,0.07425062
1435813200,07/02/2015,00:00:00,7.0,53700,7.24,7.24,6.92,7.0,7.23609872,7.20824259,0.02785612,0.06497172
1436158800,07/06/2015,00:00:00,6.94,65000,6.92,7.11,6.86,6.94,7.19054507,7.18837277,0.00217230,0.05241183
1436245200,07/07/2015,00:00:00,6.94,138400,6.92,7.1,6.63,6.94,7.15199967,7.16997479,-0.01797512,0.03833444
1436331600,07/08/2015,00:00:00,7.03,194200,6.9,7.17,6.88,7.03,7.13323049,7.15960629,-0.02637579,0.02539240
1436418000,07/09/2015,00:00:00,7.03,178800,7.14,7.23,6.96,7.03,7.11734888,7.15000582,-0.03265694,0.01378253
1436504400,07/10/2015,00:00:00,7.25,68100,7.09,7.26,7.08,7.25,7.13775674,7.15741280,-0.01965605,0.00709481
1436763600,07/13/2015,00:00:00,7.46,93500,7.26,7.5,7.26,7.46,7.18733263,7.17982666,0.00750596,0.00717704
1436850000,07/14/2015,00:00:00,7.48,59400,7.36,7.63,7.36,7.48,7.23235838,7.20206173,0.03029665,0.01180096
1436936400,07/15/2015,00:00:00,7.21,173000,7.48,7.65,7.08,7.21,7.22891863,7.20264975,0.02626888,0.01469455
1437022800,07/16/2015,00:00:00,7.12,190200,7.15,7.41,6.82,7.12,7.21216192,7.19652754,0.01563437,0.01488251
1437109200,07/17/2015,00:00:00,7.13,51500,7.15,7.3,7.08,7.13,7.19952162,7.19159958,0.00792204,0.01349042
1437368400,07/20/2015,00:00:00,7.18,52100,7.16,7.21,7.02,7.18,7.19651829,7.19074035,0.00577795,0.01194792
1437454800,07/21/2015,00:00:00,7.3,60100,7.17,7.39,7.05,7.3,7.21243856,7.19883366,0.01360490,0.01227932
1437541200,07/22/2015,00:00:00,7.23,50800,7.31,7.31,7.14,7.23,7.21514032,7.20114227,0.01399804,0.01262306
1437627600,07/23/2015,00:00:00,7.14,34000,7.21,7.35,7.12,7.14,7.20358027,7.19661322,0.00696705,0.01149186
1437714000,07/24/2015,00:00:00,7.07,156600,7.09,7.25,7.05,7.07,7.18302946,7.18723446,-0.00420500,0.00835249
1437973200,07/27/2015,00:00:00,7.19,346700,7.0,7.21,7.0,7.19,7.18410185,7.18743931,-0.00333747,0.00601450
1438059600,07/28/2015,00:00:00,7.4,301100,7.22,7.46,7.07,7.4,7.21731695,7.20318455,0.01413240,0.00763808
1438146000,07/29/2015,00:00:00,7.51,153000,7.44,7.57,7.31,7.51,7.26234511,7.22591162,0.03643349,0.01339716
1438232400,07/30/2015,00:00:00,7.69,71500,7.5,7.83,7.49,7.69,7.32813817,7.26028854,0.06784963,0.02428765
1438318800,07/31/2015,00:00:00,7.76,72100,7.73,7.91,7.73,7.76,7.39457845,7.29730420,0.09727425,0.03888497
1438578000,08/03/2015,00:00:00,7.68,40400,7.74,7.85,7.55,7.68,7.43848946,7.32565204,0.11283742,0.05367546
1438664400,08/04/2015,00:00:00,7.67,52900,7.65,7.75,7.5,7.67,7.47410647,7.35115930,0.12294717,0.06752980
1438750800,08/05/2015,00:00:00,7.57,35600,7.72,7.74,7.51,7.57,7.48885932,7.36736972,0.12148960,0.07832176
1438837200,08/06/2015,00:00:00,7.32,36800,7.54,7.54,7.28,7.32,7.46288096,7.36386085,0.09902011,0.08246143
1438923600,08/07/2015,00:00:00,7.25,36700,7.25,7.52,7.16,7.25,7.43013004,7.35542671,0.07470333,0.08090981
1439182800,08/10/2015,00:00:00,7.15,52900,7.26,7.67,6.92,7.15,7.38703311,7.34020992,0.04682319,0.07409249
1439269200,08/11/2015,00:00:00,7.1,34300,7.1,7.23,7.01,7.1,7.34287417,7.32241659,0.02045758,0.06336551
1439355600,08/12/2015,00:00:00,7.18,27300,7.09,7.24,6.97,7.18,7.31781661,7.31186721,0.00594939,0.05188228
1439442000,08/13/2015,00:00:00,6.79,465300,6.0,6.83,6.0,6.79,7.23661405,7.27321038,-0.03659633,0.03418656
1439528400,08/14/2015,00:00:00,6.27,465900,6.76,6.86,6.14,6.27,7.08790420,7.19889850,-0.11099430,0.00515039
1439787600,08/17/2015,00:00:00,6.63,215100,6.23,6.77,6.1,6.63,7.01745740,7.15675787,-0.13930047,-0.02373978
1439874000,08/18/2015,00:00:00,7.0,302700,6.59,7.07,6.49,7.0,7.01477165,7.14514618,-0.13037453,-0.04506673
1439960400,08/19/2015,00:00:00,6.44,216300,6.93,7.05,6.41,6.44,6.92634524,7.09291313,-0.16656789,-0.06936697
1440046800,08/20/2015,00:00:00,6.2,129200,6.35,6.4,6.13,6.2,6.81459982,7.02677142,-0.21217160,-0.09792789
1440133200,08/21/2015,00:00:00,6.19,123300,6.08,6.51,6.08,6.19,6.71850754,6.96478835,-0.24628081,-0.12759848
1440392400,08/24/2015,00:00:00,6.01,103800,6.79,7.02,6.01,6.01,6.60950638,6.89406329,-0.28455691,-0.15899016
1440478800,08/25/2015,00:00:00,5.85,93700,6.07,6.2,5.76,5.85,6.49265924,6.81672526,-0.32406602,-0.19200533
1440565200,08/26/2015,00:00:00,6.21,110600,5.99,6.24,5.99,6.21,6.44917321,6.77178265,-0.32260945,-0.21812616
1440651600,08/27/2015,00:00:00,6.4,124300,6.34,6.45,6.07,6.4,6.44160810,6.74424320,-0.30263510,-0.23502795
1440738000,08/28/2015,00:00:00,6.78,123000,6.4,6.82,6.3,6.78,6.49366839,6.74689185,-0.25322346,-0.23866705
1440997200,08/31/2015,00:00:00,6.57,50000,6.72,6.81,6.53,6.57,6.50541171,6.73378875,-0.22837703,-0.23660905
1441083600,09/01/2015,00:00:00,6.45,91500,6.42,6.68,6.42,6.45,6.49688684,6.71276736,-0.21588052,-0.23246334
1441170000,09/02/2015,00:00:00,6.49,44800,6.55,6.59,6.36,6.49,6.49582732,6.69626607,-0.20043875,-0.22605842
1441256400,09/03/2015,00:00:00,6.31,56800,6.49,6.55,6.29,6.31,6.46723850,6.66765377,-0.20041527,-0.22092979
1441342800,09/04/2015,00:00:00,6.18,28500,6.2,6.33,6.13,6.18,6.42304796,6.63153127,-0.20848331,-0.21844049
1441688400,09/08/2015,00:00:00,6.15,79000,6.28,6.34,6.11,6.15,6.38104059,6.59586229,-0.21482170,-0.21771674
1441774800,09/09/2015,00:00:00,6.17,51800,6.23,6.23,6.14,6.17,6.34857280,6.56431693,-0.21574413,-0.21732222
1441861200,09/10/2015,00:00:00,6.24,107600,6.15,6.35,6.12,6.24,6.33186929,6.54029346,-0.20842416,-0.21554260
1441947600,09/11/2015,00:00:00,6.45,126500,6.18,6.55,6.1,6.45,6.35004325,6.53360505,-0.18356180,-0.20914644
1442206800,09/14/2015,00:00:00,6.18,70900,6.44,6.55,6.02,6.18,6.32388275,6.50741209,-0.18352934,-0.20402302
1442293200,09/15/2015,00:00:00,6.32,42600,6.17,6.47,6.13,6.32,6.32328540,6.49352971,-0.17024431,-0.19726728
1442379600,09/16/2015,00:00:00,6.31,50100,6.3,6.48,6.26,6.31,6.32124150,6.47993492,-0.15869342,-0.18955251
1442466000,09/17/2015,00:00:00,6.64,106000,6.31,6.78,6.31,6.64,6.37028127,6.49179159,-0.12151032,-0.17594407
1442552400,09/18/2015,00:00:00,6.48,292600,6.51,6.85,6.41,6.48,6.38716107,6.49091814,-0.10375707,-0.16150667
1442811600,09/21/2015,00:00:00,6.52,29800,6.54,6.71,6.49,6.52,6.40759783,6.49307235,-0.08547452,-0.14630024
1442898000,09/22/2015,00:00:00,6.31,72600,6.47,6.55,6.14,6.31,6.39258278,6.47951143,-0.08692866,-0.13442592
1442984400,09/23/2015,00:00:00,6.22,36500,6.36,6.39,6.18,6.22,6.36603158,6.46028837,-0.09425678,-0.12639210
1443070800,09/24/2015,00:00:00,6.41,56500,6.16,6.45,6.13,6.41,6.37279595,6.45656330,-0.08376735,-0.11786715
1443157200,09/25/2015,00:00:00,6.33,81600,6.46,6.46,6.24,6.33,6.36621196,6.44718824,-0.08097628,-0.11048897
1443416400,09/28/2015,00:00:00,6.08,54100,6.29,6.29,6.07,6.08,6.32217935,6.41998911,-0.09780976,-0.10795313
1443502800,09/29/2015,00:00:00,5.99,53000,6.11,6.12,5.95,5.99,6.27107484,6.38813807,-0.11706323,-0.10977515
1443589200,09/30/2015,00:00:00,5.99,59000,6.06,6.11,5.95,5.99,6.22783255,6.35864636,-0.13081381,-0.11398288
1443675600,10/01/2015,00:00:00,6.02,67200,6.03,6.1,5.93,6.02,6.19585831,6.33356144,-0.13770313,-0.11872693
1443762000,10/02/2015,00:00:00,5.97,53500,5.97,6.06,5.92,5.97,6.16111088,6.30663097,-0.14552008,-0.12408556
1444021200,10/05/2015,00:00:00,6.23,92100,6.05,6.29,6.0,6.23,6.17170921,6.30095460,-0.12924539,-0.12511753
1444107600,10/06/2015,00:00:00,6.2,44200,6.2,6.32,6.12,6.2,6.17606164,6.29347648,-0.11741484,-0.12357699
1444194000,10/07/2015,00:00:00,6.36,41900,6.2,6.36,6.15,6.36,6.20435985,6.29840415,-0.09404430,-0.11767045
1444280400,10/08/2015,00:00:00,6.35,70000,6.36,6.39,6.26,6.35,6.22676602,6.30222606,-0.07546004,-0.10922837
1444366800,10/09/2015,00:00:00,6.62,41500,6.39,6.71,6.36,6.62,6.28726356,6.32576487,-0.03850131,-0.09508296
1444626000,10/12/2015,00:00:00,6.55,20200,6.65,6.77,6.32,6.55,6.32768455,6.34237488,-0.01469033,-0.07900443
1444712400,10/13/2015,00:00:00,6.48,32900,6.53,6.62,6.32,6.48,6.35111770,6.35256934,-0.00145164,-0.06349387
1444798800,10/14/2015,00:00:00,6.31,33100,6.47,6.6,6.28,6.31,6.34479190,6.34941605,-0.00462415,-0.05171993
1444885200,10/15/2015,00:00:00,6.5,42900,6.32,6.5,6.11,6.5,6.36867007,6.36057042,0.00809965,-0.03975601
1444971600,10/16/2015,00:00:00,6.49,25200,6.5,6.51,6.41,6.49,6.38733621,6.37015779,0.01717842,-0.02836913
1445230800,10/19/2015,00:00:00,6.11,48500,6.43,6.43,6.05,6.11,6.34466910,6.35088685,-0.00621775,-0.02393885
1445317200,10/20/2015,00:00:00,6.19,19800,6.08,6.21,5.95,6.19,6.32087385,6.33896930,-0.01809545,-0.02277017
1445403600,10/21/2015,00:00:00,6.0,31000,6.19,6.19,5.98,6.0,6.27150865,6.31386047,-0.04235182,-0.02668650
1445490000,10/22/2015,00:00:00,6.12,33900,6.04,6.28,5.94,6.12,6.24819962,6.29950043,-0.05130081,-0.03160936
1445576400,10/23/2015,00:00:00,6.26,36900,6.19,6.3,5.98,6.26,6.25001507,6.29657447,-0.04655941,-0.03459937
1445835600,10/26/2015,00:00:00,6.21,28300,6.28,6.32,6.11,6.21,6.24385890,6.29016155,-0.04630265,-0.03694003
1445922000,10/27/2015,00:00:00,5.99,31300,6.2,6.2,5.99,5.99,6.20480369,6.26792736,-0.06312367,-0.04217676
1446008400,10/28/2015,00:00:00,6.24,51000,6.01,6.38,5.94,6.24,6.21021850,6.26585867,-0.05564016,-0.04486944
1446094800,10/29/2015,00:00:00,5.97,23500,6.2,6.25,5.95,5.97,6.17326181,6.24394321,-0.07068140,-0.05003183
1446181200,10/30/2015,00:00:00,5.93,40000,5.99,5.99,5.88,5.93,6.13583692,6.22068816,-0.08485124,-0.05699571
1446444000,11/02/2015,00:00:00,6.19,33600,5.93,6.22,5.89,6.19,6.14416970,6.21841496,-0.07424526,-0.06044562
1446530400,11/03/2015,00:00:00,6.18,28900,6.15,6.28,6.08,6.18,6.14968205,6.21556941,-0.06588736,-0.06153397
1446616800,11/04/2015,00:00:00,6.19,35100,5.96,6.24,5.96,6.19,6.15588481,6.21367538,-0.05779056,-0.06078529
1446703200,11/05/2015,00:00:00,6.1,38000,6.19,6.25,6.07,6.1,6.14728715,6.20525498,-0.05796783,-0.06022180
1446789600,11/06/2015,00:00:00,6.06,32200,6.05,6.06,5.95,6.06,6.13385836,6.19449535,-0.06063699,-0.06030484
1447048800,11/09/2015,00:00:00,5.98,28000,6.11,6.11,5.95,5.98,6.11018784,6.17860681,-0.06841897,-0.06192766
1447135200,11/10/2015,00:00:00,5.95,55900,6.03,6.03,5.89,5.95,6.08554356,6.16167297,-0.07612941,-0.06476801
1447221600,11/11/2015,00:00:00,5.88,20800,5.99,5.99,5.87,5.88,6.05392147,6.14080830,-0.08688683,-0.06919178
1447308000,11/12/2015,00:00:00,5.87,33400,5.83,6.09,5.78,5.87,6.02562586,6.12074843,-0.09512257,-0.07437793
1447394400,11/13/2015,00:00:00,3.9,682800,5.07,5.16,3.51,3.9,5.69860650,5.95624855,-0.25764205,-0.11103076
1447653600,11/16/2015,00:00:00,3.9,110000,3.89,4.08,3.81,3.9,5.42189781,5.80393384,-0.38203603,-0.16523181
1447740000,11/17/2015,00:00:00,4.22,204800,4.0,4.6,3.85,4.22,5.23699045,5.68660541,-0.44961496,-0.22210844
1447826400,11/18/2015,00:00:00,4.51,162700,4.23,4.55,4.23,4.51,5.12514577,5.59944945,-0.47430368,-0.27254749
1447912800,11/19/2015,00:00:00,4.57,112200,4.32,4.62,4.32,4.57,5.03973873,5.52319394,-0.48345521,-0.31472903
1447999200,11/20/2015,00:00:00,4.67,116200,4.61,4.9,4.6,4.67,4.98285584,5.45999439,-0.47713854,-0.34721094
1448258400,11/23/2015,00:00:00,4.45,164600,4.63,4.69,4.43,4.45,4.90087802,5.38517999,-0.48430196,-0.37462914
1448344800,11/24/2015,00:00:00,4.52,65300,4.46,4.55,4.46,4.52,4.84228140,5.32109258,-0.47881118,-0.39546555
1448431200,11/25/2015,00:00:00,4.76,68500,4.5,4.8,4.5,4.76,4.82962273,5.27953017,-0.44990744,-0.40635393
1448604000,11/27/2015,00:00:00,4.7,61200,4.7,4.75,4.42,4.7,4.80968077,5.23660201,-0.42692124,-0.41046739
1448863200,11/30/2015,00:00:00,4.63,91900,4.71,4.75,4.61,4.63,4.78203757,5.19166852,-0.40963095,-0.41030010
1448949600,12/01/2015,00:00:00,4.66,68500,4.65,4.77,4.63,4.66,4.76326256,5.15228567,-0.38902311,-0.40604470
1449036000,12/02/2015,00:00:00,4.48,55700,4.66,4.66,4.46,4.48,4.71968371,5.10248673,-0.38280303,-0.40139637
1449122400,12/03/2015,00:00:00,4.22,133500,4.46,4.51,4.2,4.22,4.64280929,5.03711734,-0.39430805,-0.39997870
1449208800,12/04/2015,00:00:00,4.13,124900,4.21,4.25,4.07,4.13,4.56391555,4.96992347,-0.40600791,-0.40118455
1449468000,12/07/2015,00:00:00,4.09,173600,4.14,4.17,4.05,4.09,4.49100547,4.90474395,-0.41373848,-0.40369533
1449554400,12/08/2015,00:00:00,4.11,137700,4.04,4.21,4.03,4.11,4.43238924,4.84587403,-0.41348479,-0.40565322
1449640800,12/09/2015,00:00:00,3.95,130700,4.04,4.13,3.87,3.95,4.35817551,4.77951299,-0.42133748,-0.40879008
1449727200,12/10/2015,00:00:00,3.89,226200,3.94,4.06,3.84,3.89,4.28614851,4.71362314,-0.42747463,-0.41252699
1449813600,12/11/2015,00:00:00,3.78,140700,3.79,3.9,3.78,3.78,4.20827951,4.64446587,-0.43618636,-0.41725886
1450072800,12/14/2015,00:00:00,3.69,200500,3.78,4.0,3.67,3.69,4.12854420,4.57376469,-0.44522049,-0.42285119
1450159200,12/15/2015,00:00:00,3.69,152500,3.71,4.01,3.65,3.69,4.06107586,4.50830064,-0.44722478,-0.42772591
1450245600,12/16/2015,00:00:00,3.8,161100,3.72,3.96,3.72,3.8,4.02091034,4.45583393,-0.43492358,-0.42916544
1450332000,12/17/2015,00:00:00,3.58,179700,3.8,3.95,3.56,3.58,3.95307798,4.39095734,-0.43787936,-0.43090822
1450418400,12/18/2015,00:00:00,3.69,485900,3.56,3.78,3.56,3.69,3.91260445,4.33903457,-0.42643013,-0.43001260
1450677600,12/21/2015,00:00:00,3.74,166100,3.7,3.75,3.58,3.74,3.88604992,4.29466164,-0.40861173,-0.42573243
1450764000,12/22/2015,00:00:00,3.91,103600,3.75,3.96,3.7,3.91,3.88973455,4.26616819,-0.37643364,-0.41587267
1450850400,12/23/2015,00:00:00,3.99,69200,3.95,4.08,3.81,3.99,3.90516000,4.24571129,-0.34055129,-0.40080839
1450936800,12/24/2015,00:00:00,3.95,45500,3.99,4.01,3.92,3.95,3.91205846,4.22380675,-0.31174828,-0.38299637
1451282400,12/28/2015,00:00:00,3.88,74400,3.89,3.97,3.8,3.88,3.90712639,4.19833958,-0.29121319,-0.36463974
1451368800,12/29/2015,00:00:00,3.85,56900,4.04,4.04,3.8,3.85,3.89833772,4.17253665,-0.27419893,-0.34655158
1451455200,12/30/2015,00:00:00,3.75,70000,3.85,3.88,3.73,3.75,3.87551653,4.14123764,-0.26572111,-0.33038548
1451541600,12/31/2015,00:00:00,3.65,248400,3.69,3.78,3.47,3.65,3.84082168,4.10484966,-0.26402799,-0.31711398
1451887200,01/04/2016,00:00:00,3.54,117700,3.57,3.75,3.45,3.54,3.79454142,4.06300895,-0.26846753,-0.30738469
1451973600,01/05/2016,00:00:00,3.46,119900,3.6,3.6,3.41,3.46,3.74307351,4.01834162,-0.27526811,-0.30096138
1452060000,01/06/2016,00:00:00,3.64,110400,3.39,3.74,3.39,3.64,3.72721605,3.99031631,-0.26310027,-0.29338915
1452146400,01/07/2016,00:00:00,3.45,197800,3.58,3.58,3.39,3.45,3.68456742,3.95029288,-0.26572546,-0.28785641
1452232800,01/08/2016,00:00:00,3.67,461900,3.49,3.7,3.48,3.67,3.68232628,3.92953045,-0.24720417,-0.27972596
1452492000,01/11/2016,00:00:00,3.42,159600,3.66,3.8,3.38,3.42,3.64196839,3.89178745,-0.24981906,-0.27374458
1452578400,01/12/2016,00:00:00,3.35,207600,3.46,3.55,3.25,3.35,3.59705018,3.85165505,-0.25460487,-0.26991664
1452664800,01/13/2016,00:00:00,3.19,113800,3.35,3.56,3.16,3.19,3.53442707,3.80264356,-0.26821649,-0.26957661
1452751200,01/14/2016,00:00:00,3.39,140900,3.19,3.44,3.1,3.39,3.51220752,3.77207737,-0.25986985,-0.26763526
1452837600,01/15/2016,00:00:00,3.22,116600,3.29,3.36,3.11,3.22,3.46725252,3.73118275,-0.26393023,-0.26689425
1453183200,01/19/2016,00:00:00,3.11,137900,3.22,3.24,3.03,3.11,3.41229059,3.68516921,-0.27287862,-0.26809113
1453269600,01/20/2016,00:00:00,3.16,130000,3.06,3.23,2.93,3.16,3.37347666,3.64626779,-0.27279114,-0.26903113
1453356000,01/21/2016,00:00:00,3.33,84200,3.15,3.39,3.1,3.33,3.36678794,3.62284055,-0.25605261,-0.26643542
1453442400,01/22/2016,00:00:00,3.43,79300,3.38,3.48,3.29,3.43,3.37651287,3.60855606,-0.23204319,-0.25955698
1453701600,01/25/2016,00:00:00,3.13,78000,3.38,3.44,3.13,3.13,3.33858782,3.57310747,-0.23451965,-0.25454951
1453788000,01/26/2016,00:00:00,3.32,124200,3.16,3.32,3.08,3.32,3.33572815,3.55435876,-0.21863061,-0.24736573
1453874400,01/27/2016,00:00:00,3.32,65900,3.29,3.48,3.22,3.32,3.33330844,3.53699886,-0.20369042,-0.23863067
1453960800,01/28/2016,00:00:00,3.39,69800,3.37,3.48,3.33,3.39,3.34203021,3.52611005,-0.18407984,-0.22772050
1454047200,01/29/2016,00:00:00,3.41,115200,3.43,3.61,3.39,3.41,3.35248710,3.51750931,-0.16502220,-0.21518084
1454306400,02/01/2016,00:00:00,3.47,68900,3.38,3.52,3.3,3.47,3.37056601,3.51399010,-0.14342409,-0.20082949
1454392800,02/02/2016,00:00:00,3.21,85200,3.42,3.43,3.13,3.21,3.34586355,3.49147231,-0.14560877,-0.18978535
1454479200,02/03/2016,00:00:00,3.19,55900,3.25,3.28,3.08,3.19,3.32188454,3.46914103,-0.14725649,-0.18127958
1454565600,02/04/2016,00:00:00,3.32,78000,3.19,3.44,3.15,3.32,3.32159461,3.45809355,-0.13649894,-0.17232345
1454652000,02/05/2016,00:00:00,3.06,85000,3.3,3.3,3.03,3.06,3.28134929,3.42860514,-0.14725585,-0.16730993
1454911200,02/08/2016,00:00:00,2.93,70500,3.03,3.1,2.89,2.93,3.22729555,3.39167142,-0.16437587,-0.16672312
1454997600,02/09/2016,00:00:00,2.9,62900,2.88,3.02,2.71,2.9,3.17694239,3.35525132,-0.17830893,-0.16904028
1455084000,02/10/2016,00:00:00,2.87,65900,2.92,3.07,2.84,2.87,3.12972048,3.31930678,-0.18958629,-0.17314948
1455170400,02/11/2016,00:00:00,2.99,72800,2.82,3.1,2.71,2.99,3.10822502,3.29491368,-0.18668866,-0.17585732
1455256800,02/12/2016,00:00:00,3.4,218500,3.46,3.65,3.29,3.4,3.15311348,3.30269785,-0.14958437,-0.17060273
1455602400,02/16/2016,00:00:00,3.38,65500,3.43,3.5,3.28,3.38,3.18801910,3.30842394,-0.12040484,-0.16056315
1455688800,02/17/2016,00:00:00,3.38,55600,3.4,3.49,3.37,3.38,3.21755462,3.31372587,-0.09617125,-0.14768477
1455775200,02/18/2016,00:00:00,3.23,65300,3.34,3.34,3.13,3.23,3.21946930,3.30752395,-0.08805466,-0.13575875
1455861600,02/19/2016,00:00:00,3.17,66600,3.22,3.33,3.07,3.17,3.21185864,3.29733699,-0.08547836,-0.12570267
1456120800,02/22/2016,00:00:00,3.23,55600,3.25,3.39,3.17,3.23,3.21464961,3.29234907,-0.07769945,-0.11610203
1456207200,02/23/2016,00:00:00,3.18,78100,3.23,3.37,3.09,3.18,3.20931890,3.28402691,-0.07470801,-0.10782322
1456293600,02/24/2016,00:00:00,3.13,41800,3.12,3.35,2.98,3.13,3.19711600,3.27261751,-0.07550152,-0.10135888
1456380000,02/25/2016,00:00:00,3.05,61500,3.16,3.26,2.96,3.05,3.17448277,3.25612733,-0.08164456,-0.09741602
1456466400,02/26/2016,00:00:00,3.07,111400,3.06,3.23,2.88,3.07,3.15840849,3.24234012,-0.08393162,-0.09471914
1456725600,02/29/2016,00:00:00,3.26,72000,3.08,3.29,3.04,3.26,3.17403796,3.24364826,-0.06961030,-0.08969737
1456812000,03/01/2016,00:00:00,3.25,64900,3.36,3.37,3.23,3.25,3.18572442,3.24411876,-0.05839433,-0.08343676
1456898400,03/02/2016,00:00:00,3.36,51400,3.24,3.36,3.22,3.36,3.21253605,3.25270255,-0.04016650,-0.07478271
1456984800,03/03/2016,00:00:00,3.39,80100,3.33,3.45,3.27,3.39,3.23983820,3.26287273,-0.02303454,-0.06443308
1457071200,03/04/2016,00:00:00,3.34,122000,3.4,3.47,3.29,3.34,3.25524771,3.26858586,-0.01333816,-0.05421409
1457330400,03/07/2016,00:00:00,3.48,71800,3.34,3.57,3.34,3.48,3.28982498,3.28424617,0.00557881,-0.04225551
1457416800,03/08/2016,00:00:00,3.26,71700,3.44,3.44,3.15,3.26,3.28523652,3.28245016,0.00278636,-0.03324714
1457503200,03/09/2016,00:00:00,3.0,94800,3.2,3.22,2.95,3.0,3.24135398,3.26152792,-0.02017394,-0.03063250
1457589600,03/10/2016,00:00:00,3.13,473500,3.01,3.15,2.86,3.13,3.22422260,3.25178512,-0.02756252,-0.03001850
1457676000,03/11/2016,00:00:00,3.1,94200,3.15,3.19,3.09,3.1,3.20511143,3.24054177,-0.03543034,-0.03110087
1457931600,03/14/2016,00:00:00,3.01,125500,3.08,3.12,2.92,3.01,3.17509429,3.22346460,-0.04837032,-0.03455476
1458018000,03/15/2016,00:00:00,2.87,61200,2.95,2.98,2.85,2.87,3.12815670,3.19728204,-0.06912534,-0.04146887
1458104400,03/16/2016,00:00:00,2.99,63400,2.87,3.05,2.87,2.99,3.10690183,3.18192782,-0.07502599,-0.04818030
1458190800,03/17/2016,00:00:00,3.0,191500,3.0,3.04,2.88,3.0,3.09045539,3.16845168,-0.07799629,-0.05414350
1458277200,03/18/2016,00:00:00,3.14,229700,3.03,3.22,2.97,3.14,3.09807764,3.16634415,-0.06826651,-0.05696810
1458536400,03/21/2016,00:00:00,2.99,98500,3.15,3.15,2.96,2.99,3.08145031,3.15328162,-0.07183131,-0.05994074
1458622800,03/22/2016,00:00:00,2.99,88800,2.96,3.0,2.95,2.99,3.06738103,3.14118669,-0.07380565,-0.06271372
1458709200,03/23/2016,00:00:00,2.83,120500,2.97,2.97,2.78,2.83,3.03086087,3.11813582,-0.08727495,-0.06762597
1458795600,03/24/2016,00:00:00,2.84,81500,2.8,2.92,2.71,2.84,3.00149766,3.09753317,-0.09603550,-0.07330788
1459141200,03/28/2016,00:00:00,2.82,81900,2.82,2.93,2.68,2.82,2.97357494,3.07697515,-0.10340021,-0.07932634
1459227600,03/29/2016,00:00:00,2.95,177000,2.78,2.96,2.69,2.95,2.96994803,3.06756959,-0.09762156,-0.08298539
1459314000,03/30/2016,00:00:00,3.01,100700,2.99,3.15,2.95,3.01,2.97610987,3.06330517,-0.08719530,-0.08382737
1459400400,03/31/2016,00:00:00,2.9,85500,3.0,3.14,2.85,2.9,2.96440066,3.05120849,-0.08680783,-0.08442346
1459486800,04/01/2016,00:00:00,2.82,85800,2.86,2.92,2.8,2.82,2.94218517,3.03408194,-0.09189676,-0.08591812
1459746000,04/04/2016,00:00:00,2.77,60500,2.81,2.96,2.76,2.77,2.91569515,3.01452031,-0.09882517,-0.08849953
1459832400,04/05/2016,00:00:00,2.75,105600,2.74,2.85,2.7,2.75,2.89020359,2.99492622,-0.10472263,-0.09174415
1459918800,04/06/2016,00:00:00,2.92,138500,2.74,3.08,2.71,2.92,2.89478765,2.98937613,-0.09458848,-0.09231302
1460005200,04/07/2016,00:00:00,2.83,599400,2.88,2.94,2.76,2.83,2.88482032,2.97757049,-0.09275017,-0.09240045
1460091600,04/08/2016,00:00:00,3.01,166700,2.86,3.01,2.86,3.01,2.90407873,2.97997267,-0.07589394,-0.08909915
1460350800,04/11/2016,00:00:00,2.8,128500,3.03,3.03,2.76,2.8,2.88806662,2.96664136,-0.07857475,-0.08699427
1460437200,04/12/2016,00:00:00,2.8,122900,2.79,2.91,2.74,2.8,2.87451791,2.95429756,-0.07977965,-0.08555134
1460523600,04/13/2016,00:00:00,2.89,89400,2.83,2.93,2.71,2.89,2.87689977,2.94953478,-0.07263501,-0.08296808
1460610000,04/14/2016,00:00:00,2.84,70700,2.88,2.91,2.79,2.84,2.87122288,2.94142109,-0.07019821,-0.08041410
1460696400,04/15/2016,00:00:00,2.9,63400,2.82,2.96,2.78,2.9,2.87565013,2.93835286,-0.06270273,-0.07687183
1460955600,04/18/2016,00:00:00,2.88,41900,2.9,2.98,2.82,2.88,2.87631934,2.93403043,-0.05771109,-0.07303968
1461042000,04/19/2016,00:00:00,2.77,74300,2.9,2.95,2.73,2.77,2.85996252,2.92188002,-0.06191751,-0.07081524
1461128400,04/20/2016,00:00:00,2.81,107600,2.76,2.85,2.7,2.81,2.85227598,2.91359262,-0.06131664,-0.06891552
1461214800,04/21/2016,00:00:00,2.81,43300,2.84,2.88,2.79,2.81,2.84577198,2.90591909,-0.06014711,-0.06716184
1461301200,04/22/2016,00:00:00,2.89,80800,2.81,2.91,2.81,2.89,2.85257629,2.90473990,-0.05216361,-0.06416219
1461560400,04/25/2016,00:00:00,2.75,89800,2.91,2.93,2.72,2.75,2.83679532,2.89327768,-0.05648236,-0.06262623
1461646800,04/26/2016,00:00:00,2.79,50900,2.87,2.87,2.72,2.79,2.82959604,2.88562748,-0.05603144,-0.06130727
1461733200,04/27/2016,00:00:00,2.83,50700,2.75,2.85,2.75,2.83,2.82965819,2.88150693,-0.05184874,-0.05941556
1461819600,04/28/2016,00:00:00,2.75,260400,2.8,2.85,2.68,2.75,2.81740308,2.87176568,-0.05436259,-0.05840497
1461906000,04/29/2016,00:00:00,2.65,95300,2.73,2.83,2.63,2.65,2.79164876,2.85533859,-0.06368982,-0.05946194
1462165200,05/02/2016,00:00:00,2.69,83800,2.63,2.71,2.6,2.69,2.77601049,2.84309129,-0.06708079,-0.06098571
1462251600,05/03/2016,00:00:00,2.61,74900,2.64,2.69,2.54,2.61,2.75047042,2.82582526,-0.07535485,-0.06385954
1462338000,05/04/2016,00:00:00,2.58,86600,2.57,2.67,2.53,2.58,2.72424420,2.80761599,-0.08337179,-0.06776199
1462424400,05/05/2016,00:00:00,2.56,49200,2.61,2.66,2.55,2.56,2.69897586,2.78927406,-0.09029820,-0.07226923
1462510800,05/06/2016,00:00:00,2.67,71600,2.56,2.67,2.51,2.67,2.69451804,2.78043894,-0.08592091,-0.07499957
1462770000,05/09/2016,00:00:00,2.46,226600,2.64,2.67,2.45,2.46,2.65843834,2.75670273,-0.09826439,-0.07965253
1462856400,05/10/2016,00:00:00,2.53,144100,2.45,2.57,2.39,2.53,2.63867859,2.73990993,-0.10123134,-0.08396829
1462942800,05/11/2016,00:00:00,2.58,204400,2.5,2.72,2.5,2.58,2.62965112,2.72806475,-0.09841363,-0.08685736
1463029200,05/12/2016,00:00:00,2.48,146400,2.66,2.66,2.4,2.48,2.60662787,2.70968959,-0.10306172,-0.09009823
1463115600,05/13/2016,00:00:00,2.56,66800,2.45,2.57,2.44,2.56,2.59945435,2.69860147,-0.09914712,-0.09190801
1463374800,05/16/2016,00:00:00,2.44,118300,2.56,2.59,2.38,2.44,2.57492291,2.67944580,-0.10452289,-0.09443099
1463461200,05/17/2016,00:00:00,2.44,105000,2.46,2.51,2.39,2.44,2.55416554,2.66170908,-0.10754354,-0.09705350
1463547600,05/18/2016,00:00:00,2.4,150700,2.4,2.48,2.38,2.4,2.53044777,2.64232322,-0.11187545,-0.10001789
1463634000,05/19/2016,00:00:00,2.36,99500,2.38,2.46,2.35,2.36,2.50422503,2.62141039,-0.11718536,-0.10345138
1463720400,05/20/2016,00:00:00,2.52,160800,2.36,2.63,2.33,2.52,2.50665195,2.61389851,-0.10724656,-0.10421042
1463979600,05/23/2016,00:00:00,2.43,58700,2.52,2.64,2.41,2.43,2.49485934,2.60027640,-0.10541705,-0.10445174
1464066000,05/24/2016,00:00:00,2.53,81200,2.45,2.56,2.39,2.53,2.50026560,2.59507074,-0.09480514,-0.10252242
1464152400,05/25/2016,00:00:00,2.57,40600,2.54,2.61,2.52,2.57,2.51099397,2.59321365,-0.08221968,-0.09846187
1464238800,05/26/2016,00:00:00,2.45,111600,2.47,2.57,2.41,2.45,2.50161028,2.58260523,-0.08099495,-0.09496849
1464325200,05/27/2016,00:00:00,2.45,119500,2.43,2.53,2.4,2.45,2.49367024,2.57278262,-0.07911238,-0.09179727
1464670800,05/31/2016,00:00:00,2.44,88200,2.46,2.48,2.36,2.44,2.48541328,2.56294687,-0.07753359,-0.08894453
1464757200,06/01/2016,00:00:00,2.36,125500,2.42,2.42,2.28,2.36,2.46611893,2.54791377,-0.08179484,-0.08751459
1464843600,06/02/2016,00:00:00,2.49,53900,2.37,2.49,2.35,2.49,2.46979294,2.54362386,-0.07383092,-0.08477786
1464930000,06/03/2016,00:00:00,2.45,121900,2.5,2.58,2.36,2.45,2.46674787,2.53668876,-0.06994089,-0.08181046
1465189200,06/06/2016,00:00:00,2.55,73400,2.45,2.58,2.44,2.55,2.47955589,2.53767478,-0.05811889,-0.07707215
1465275600,06/07/2016,00:00:00,2.52,113400,2.53,2.53,2.38,2.52,2.48577806,2.53636553,-0.05058747,-0.07177521
1465362000,06/08/2016,00:00:00,2.53,94300,2.47,2.56,2.43,2.53,2.49258144,2.53589401,-0.04331258,-0.06608269
1465448400,06/09/2016,00:00:00,2.48,43100,2.5,2.51,2.46,2.48,2.49064583,2.53175371,-0.04110788,-0.06108773
1465534800,06/10/2016,00:00:00,2.48,70000,2.45,2.51,2.38,2.48,2.48900801,2.52792011,-0.03891210,-0.05665260
1465794000,06/13/2016,00:00:00,2.45,96100,2.37,2.51,2.37,2.45,2.48300678,2.52214825,-0.03914147,-0.05315037
1465880400,06/14/2016,00:00:00,2.36,66500,2.43,2.5,2.34,2.36,2.46408266,2.51013727,-0.04605461,-0.05173122
1465966800,06/15/2016,00:00:00,2.4,71500,2.37,2.44,2.28,2.4,2.45422379,2.50197895,-0.04775516,-0.05093601
1466053200,06/16/2016,00:00:00,2.33,144800,2.32,2.36,2.31,2.33,2.43511244,2.48923977,-0.05412733,-0.05157427
1466139600,06/17/2016,00:00:00,2.43,160400,2.34,2.45,2.3,2.43,2.43432591,2.48485164,-0.05052573,-0.05136456
1466398800,06/20/2016,00:00:00,2.33,176100,2.46,2.48,2.28,2.33,2.41827577,2.47338115,-0.05510538,-0.05211273
1466485200,06/21/2016,00:00:00,2.26,144300,2.34,2.34,2.21,2.26,2.39392565,2.45757513,-0.06364949,-0.05442008
1466571600,06/22/2016,00:00:00,2.33,209600,2.21,2.35,2.15,2.33,2.38409093,2.44812512,-0.06403419,-0.05634290
1466658000,06/23/2016,00:00:00,2.42,158200,2.35,2.45,2.31,2.42,2.38961541,2.44604178,-0.05642638,-0.05635960
1466744400,06/24/2016,00:00:00,2.3,1995600,2.31,2.38,2.14,2.3,2.37582842,2.43522387,-0.05939545,-0.05696677
1467003600,06/27/2016,00:00:00,2.17,205800,2.25,2.25,2.12,2.17,2.34416251,2.41557766,-0.07141515,-0.05985644
1467090000,06/28/2016,00:00:00,2.19,81600,2.22,2.29,2.17,2.19,2.32044520,2.39886820,-0.07842300,-0.06356976
1467176400,06/29/2016,00:00:00,2.21,140300,2.2,2.28,2.17,2.21,2.30345363,2.38487797,-0.08142433,-0.06714067
1467262800,06/30/2016,00:00:00,2.29,123000,2.22,2.34,2.13,2.29,2.30138384,2.37784997,-0.07646613,-0.06900576
1467349200,07/01/2016,00:00:00,2.31,64100,2.35,2.35,2.28,2.31,2.30270940,2.37282404,-0.07011464,-0.06922754
1467694800,07/05/2016,00:00:00,2.26,56700,2.26,2.41,2.09,2.26,2.29613873,2.36446671,-0.06832798,-0.06904763
1467781200,07/06/2016,00:00:00,2.3,129000,2.22,2.4,2.19,2.3,2.29673277,2.35969140,-0.06295863,-0.06782983
1467867600,07/07/2016,00:00:00,2.33,57300,2.42,2.52,2.25,2.33,2.30185080,2.35749203,-0.05564123,-0.06539211
1467954000,07/08/2016,00:00:00,2.34,64100,2.32,2.4,2.22,2.34,2.30771991,2.35619633,-0.04847642,-0.06200897
1468213200,07/11/2016,00:00:00,2.34,53200,2.36,2.52,2.27,2.34,2.31268608,2.35499660,-0.04231052,-0.05806928
1468299600,07/12/2016,00:00:00,2.41,88300,2.39,2.48,2.28,2.41,2.32765745,2.35907093,-0.03141347,-0.05273812
1468386000,07/13/2016,00:00:00,2.5,131100,2.45,2.59,2.21,2.5,2.35417169,2.36951012,-0.01533843,-0.04525818
1468472400,07/14/2016,00:00:00,2.5,63400,2.53,2.57,2.28,2.5,2.37660681,2.37917603,-0.00256922,-0.03672039
1468558800,07/15/2016,00:00:00,2.39,99300,2.48,2.6,2.34,2.39,2.37866730,2.37997781,-0.00131050,-0.02963841
1468818000,07/18/2016,00:00:00,2.6,127000,2.5,2.69,2.44,2.6,2.41271849,2.39627575,0.01644274,-0.02042218
1468904400,07/19/2016,00:00:00,2.63,102000,2.57,2.68,2.51,2.63,2.44614641,2.41358866,0.03255776,-0.00982619
1468990800,07/20/2016,00:00:00,2.62,39800,2.62,2.72,2.56,2.62,2.47289312,2.42887839,0.04401473,0.00094199
1469077200,07/21/2016,00:00:00,2.62,25700,2.65,2.73,2.56,2.62,2.49552495,2.44303554,0.05248940,0.01125147
1469163600,07/22/2016,00:00:00,2.59,26400,2.62,2.62,2.52,2.59,2.51005957,2.45392180,0.05613777,0.02022873
1469422800,07/25/2016,00:00:00,2.49,31100,2.55,2.63,2.45,2.49,2.50697348,2.45659426,0.05037922,0.02625883
1469509200,07/26/2016,00:00:00,2.7,42700,2.5,2.71,2.45,2.7,2.53666987,2.47462431,0.06204556,0.03341618
1469595600,07/27/2016,00:00:00,2.76,72900,2.69,2.79,2.5,2.76,2.57102835,2.49576325,0.07526510,0.04178596
1469682000,07/28/2016,00:00:00,2.71,38300,2.75,2.75,2.6,2.71,2.59240861,2.51163264,0.08077596,0.04958396
1469768400,07/29/2016,00:00:00,2.73,54900,2.71,2.75,2.52,2.73,2.61357651,2.52780800,0.08576851,0.05682087
1470027600,08/01/2016,00:00:00,2.75,90600,2.64,2.95,2.62,2.75,2.63456474,2.54426667,0.09029807,0.06351631
1470114000,08/02/2016,00:00:00,2.66,64300,2.75,2.78,2.55,2.66,2.63847786,2.55283951,0.08563835,0.06794072
1470200400,08/03/2016,00:00:00,3.86,6272100,3.86,3.87,3.85,3.86,2.82640434,2.64966621,0.17673813,0.08970020
1470286800,08/04/2016,00:00:00,3.88,1323400,3.86,3.89,3.86,3.88,2.98849598,2.74080205,0.24769393,0.12129895
1470373200,08/05/2016,00:00:00,3.86,209100,3.87,3.88,3.86,3.86,3.12257352,2.82370560,0.29886792,0.15681274
1470632400,08/08/2016,00:00:00,3.86,381000,3.86,3.88,3.86,3.86,3.23602375,2.90046815,0.33555560,0.19256132
1470718800,08/09/2016,00:00:00,3.89,399100,3.86,3.89,3.86,3.89,3.33663548,2.97376680,0.36286868,0.22662279
1470805200,08/10/2016,00:00:00,3.89,86900,3.89,3.89,3.88,3.89,3.42176848,3.04163593,0.38013256,0.25732474
1470891600,08/11/2016,00:00:00,3.88,713700,3.88,3.89,3.87,3.88,3.49226564,3.10373697,0.38852867,0.28356553
1470978000,08/12/2016,00:00:00,3.87,130700,3.88,3.88,3.86,3.87,3.55037862,3.16049720,0.38988142,0.30482871
1471237200,08/15/2016,00:00:00,3.86,546500,3.86,3.87,3.84,3.86,3.59801268,3.21231222,0.38570046,0.32100306
1471323600,08/16/2016,00:00:00,3.84,292300,3.85,3.85,3.82,3.84,3.63524150,3.25880761,0.37643389,0.33208922
1471410000,08/17/2016,00:00:00,3.86,238500,3.83,3.87,3.83,3.86,3.66981973,3.30334038,0.36647935,0.33896725
1471496400,08/18/2016,00:00:00,3.85,120800,3.84,3.87,3.84,3.85,3.69753977,3.34383368,0.35370609,0.34191502
1471582800,08/19/2016,00:00:00,3.82,440500,3.86,3.86,3.71,3.82,3.71637980,3.37910526,0.33727454,0.34098692
1471842000,08/22/2016,00:00:00,3.86,215900,3.8,3.86,3.75,3.86,3.73847522,3.41472710,0.32374812,0.33753916
1471928400,08/23/2016,00:00:00,3.84,139200,3.86,3.86,3.84,3.84,3.75409442,3.44622879,0.30786562,0.33160445
1472014800,08/24/2016,00:00:00,3.88,145100,3.86,3.88,3.84,3.88,3.77346451,3.47835999,0.29510451,0.32430447
1472101200,08/25/2016,00:00:00,3.85,93200,3.85,3.87,3.84,3.85,3.78523920,3.50588888,0.27935032,0.31531364
1472187600,08/26/2016,00:00:00,3.87,111600,3.86,3.88,3.73,3.87,3.79827932,3.53286008,0.26541925,0.30533476
1472446800,08/29/2016,00:00:00,3.89,417800,3.88,3.94,3.87,3.89,3.81239019,3.55931489,0.25307531,0.29488287
1472533200,08/30/2016,00:00:00,3.89,175100,3.9,3.9,3.87,3.89,3.82433016,3.58381008,0.24052009,0.28401031
1472619600,08/31/2016,00:00:00,3.87,206100,3.87,3.89,3.85,3.87,3.83135629,3.60500933,0.22634696,0.27247764
1472706000,09/01/2016,00:00:00,3.87,144500,3.89,3.89,3.86,3.87,3.83730148,3.62463827,0.21266321,0.26051475
1472792400,09/02/2016,00:00:00,3.89,108800,3.87,3.89,3.87,3.89,3.84540894,3.64429469,0.20111425,0.24863465
1473138000,09/06/2016,00:00:00,3.89,101600,3.89,3.89,3.87,3.89,3.85226911,3.66249509,0.18977402,0.23686253
1473224400,09/07/2016,00:00:00,3.89,135300,3.88,3.9,3.88,3.89,3.85807386,3.67934730,0.17872656,0.22523533
1473310800,09/08/2016,00:00:00,3.9,183500,3.88,3.9,3.88,3.9,3.86452403,3.69569195,0.16883209,0.21395468
1473397200,09/09/2016,00:00:00,3.89,228900,3.89,3.9,3.88,3.89,3.86844341,3.71008514,0.15835828,0.20283540
1473656400,09/12/2016,00:00:00,3.88,76800,3.89,3.89,3.88,3.88,3.87022135,3.72267142,0.14754993,0.19177831
1473742800,09/13/2016,00:00:00,3.87,411400,3.88,3.89,3.86,3.87,3.87018730,3.73358465,0.13660265,0.18074317
1473829200,09/14/2016,00:00:00,3.87,394800,3.88,3.89,3.87,3.87,3.87015848,3.74368949,0.12646899,0.16988834
1473915600,09/15/2016,00:00:00,3.89,421000,3.87,3.89,3.86,3.89,3.87321102,3.75452731,0.11868372,0.15964741
1474002000,09/16/2016,00:00:00,3.89,172300,3.88,3.89,3.87,3.89,3.87579394,3.76456232,0.11123162,0.14996425
1474261200,09/19/2016,00:00:00,3.88,179000,3.89,3.89,3.88,3.88,3.87644103,3.77311326,0.10332777,0.14063696
1474347600,09/20/2016,00:00:00,3.88,389600,3.89,3.9,3.82,3.88,3.87698856,3.78103080,0.09595777,0.13170112
1474434000,09/21/2016,00:00:00,3.89,252300,3.88,3.89,3.88,3.89,3.87899032,3.78910259,0.08988773,0.12333844
1474520400,09/22/2016,00:00:00,3.88,117500,3.88,3.89,3.83,3.88,3.87914566,3.79583573,0.08330993,0.11533274
1474606800,09/23/2016,00:00:00,3.89,152300,3.88,3.9,3.88,3.89,3.88081556,3.80281086,0.07800469,0.10786713
1474866000,09/26/2016,00:00:00,3.9,65400,3.88,3.91,3.88,3.9,3.88376701,3.81001006,0.07375695,0.10104509

